1940	r1	I	write
2153	r0	D	read
2624	r3	B	read
3806	r1	H	read
3852	r0	F	read
4076	r3	C	write
5433	r3	A	read
5456	r1	I	read
6467	r0	F	write
7725	r3	C	read
7822	r1	H	write
8183	r0	F	write
8915	r1	G	read
9151	r3	A	read
10008	r0	E	read
10949	r1	H	read
11052	r3	B	write
12198	r0	D	write
12548	r3	B	write
12709	r1	I	read
13604	r0	D	write
13605	r1	G	read
14308	r3	C	write
14504	r1	G	read
15754	r0	E	read
16800	r3	B	read
16980	r1	I	read
17499	r0	E	write
18376	r3	A	read
18616	r1	I	read
19285	r0	F	write
20263	r3	C	read
20356	r1	G	read
21134	r0	F	write
21905	r3	B	read
22105	r1	I	read
22741	r0	F	write
23367	r1	I	read
24090	r0	F	read
24306	r3	A	write
25382	r1	I	read
25886	r0	F	write
26088	r3	A	read
27199	r1	H	read
27492	r0	F	write
27505	r3	A	write
28922	r3	B	write
28955	r1	I	read
29168	r0	E	read
30381	r3	B	write
30709	r0	E	read
30726	r1	G	write
32217	r3	A	write
32702	r0	F	write
32866	r1	G	write
33979	r0	F	write
34179	r3	C	read
34415	r1	G	read
35491	r3	C	read
36004	r0	F	write
36638	r1	I	read
37295	r0	D	read
37592	r3	A	read
38599	r0	F	write
38608	r1	H	write
39808	r3	C	read
40865	r0	D	write
41163	r3	B	read
41298	r1	H	read
41824	r3	B	write
43263	r0	D	write
43277	r1	H	write
44540	r0	D	write
44687	r1	H	read
44914	r3	A	write
46181	r1	G	write
46973	r0	F	read
46984	r3	A	write
47997	r1	H	write
49090	r0	D	write
49471	r3	B	write
49658	r1	I	read
51133	r3	A	write
51314	r0	F	read
51657	r1	G	read
52928	r3	C	write
53118	r1	H	write
53470	r0	F	read
55172	r1	G	read
55210	r0	E	read
55471	r3	C	read
56366	r0	E	read
56473	r1	H	read
57168	r3	A	read
57610	r0	D	read
58369	r1	I	read
59612	r0	F	write
59788	r3	B	read
60181	r1	I	read
60865	r3	B	read
61268	r0	F	write
62413	r3	A	read
62683	r1	G	read
63371	r3	C	read
63458	r0	D	write
64135	r1	I	write
65118	r0	D	write
66094	r3	A	write
66771	r1	I	write
67505	r3	C	read
67726	r0	D	write
68995	r3	A	read
69223	r1	H	write
69788	r3	C	read
70383	r0	D	read
71002	r0	F	read
71564	r3	C	read
71902	r1	H	read
73046	r0	E	read
73327	r3	A	write
73428	r1	I	read
74724	r1	G	read
75414	r0	F	write
75811	r3	A	read
76237	r1	H	write
77535	r0	F	write
77900	r1	H	read
78029	r3	A	read
78267	r0	F	write
79815	r3	B	read
80062	r0	E	read
80282	r1	G	write
81542	r1	H	read
81735	r3	C	write
81966	r0	E	read
83000	r0	D	read
83530	r1	I	read
83540	r3	A	read
84345	r1	H	read
84602	r0	E	read
85495	r3	A	write
85580	r1	I	read
86160	r0	E	write
87325	r3	A	read
87748	r1	H	write
88646	r0	F	write
89245	r3	C	write
89495	r1	I	write
90080	r3	C	read
90417	r0	E	write
91272	r1	I	write
92185	r0	D	read
92265	r3	B	read
93275	r1	H	read
94268	r0	E	read
94304	r3	C	write
94563	r1	H	read
95412	r1	H	read
95729	r0	E	write
95963	r3	B	write
96525	r0	E	write
96924	r1	H	read
97784	r3	B	write
98100	r0	E	read
98253	r1	H	read
99365	r3	B	read
99893	r1	G	read
99986	r0	D	write
101165	r0	D	write
101670	r3	A	read
102281	r1	G	read
102423	r0	E	write
103509	r3	C	read
103509	r3	B	read
103903	r0	F	read
104057	r3	A	read
104114	r1	G	read
105172	r0	D	write
105192	r3	C	read
105336	r1	G	write
107063	r3	C	read
107573	r1	I	write
107668	r0	D	write
108652	r3	C	write
109314	r0	E	read
109733	r1	I	write
110893	r3	A	write
111115	r1	I	read
111819	r0	F	write
112737	r1	I	read
113089	r3	B	write
113531	r0	E	read
114487	r3	C	read
114488	r1	I	write
115353	r0	E	write
116433	r3	B	write
116859	r1	I	read
117474	r0	F	write
118305	r3	B	write
118646	r1	G	write
119314	r0	E	write
119662	r1	G	write
120244	r3	B	read
120705	r1	I	read
121887	r0	E	read
122426	r3	A	read
122735	r1	G	write
123930	r0	E	read
124349	r3	C	write
124806	r1	G	read
126306	r0	D	read
126347	r3	B	read
127109	r3	B	read
127895	r0	F	read
127975	r1	I	read
129295	r3	A	read
129754	r0	D	read
130930	r1	I	read
131437	r0	E	read
131735	r3	C	write
132606	r1	I	read
133704	r3	B	read
133826	r0	E	read
133878	r1	I	write
134977	r0	D	write
135143	r1	H	read
135678	r3	A	read
136847	r1	I	write
137040	r0	E	read
137837	r3	C	read
138232	r1	H	write
138926	r3	C	write
139640	r0	E	write
139730	r1	G	read
140366	r1	G	read
141047	r1	I	write
141235	r0	D	read
141522	r3	C	read
142270	r1	H	read
142654	r0	E	read
142910	r3	A	read
144138	r3	A	read
144356	r1	G	write
144641	r0	F	write
145543	r3	B	read
145981	r1	H	write
146463	r0	F	write
146985	r3	C	write
147225	r1	I	write
147266	r3	B	write
147816	r0	F	read
148783	r1	H	write
149079	r0	D	read
149722	r3	B	read
150739	r0	D	read
151069	r1	I	read
151542	r3	B	read
152846	r1	H	read
153032	r0	D	write
153045	r3	C	read
153984	r3	C	read
154777	r1	H	write
155131	r0	F	read
155270	r3	A	write
156522	r0	F	write
156704	r3	B	read
157226	r1	H	read
157873	r3	C	read
158809	r1	I	read
159094	r0	D	write
159532	r3	B	read
159710	r1	I	write
160689	r0	E	write
160927	r1	I	read
161561	r3	B	read
163025	r0	D	read
163202	r1	H	write
163958	r3	B	write
164565	r0	E	read
164720	r3	C	write
165063	r1	G	read
165780	r3	A	write
166369	r0	F	write
166849	r1	I	write
167783	r3	A	write
168446	r1	H	read
168494	r0	E	write
169202	r3	A	read
169490	r0	F	read
170732	r3	B	write
170739	r1	G	write
172138	r0	D	read
172407	r1	H	read
172585	r3	C	read
174041	r3	A	write
174211	r0	D	write
174384	r1	H	read
175404	r3	C	write
175960	r1	I	read
176591	r3	B	read
176921	r0	D	write
177388	r1	H	write
178815	r0	F	write
178821	r3	B	write
179567	r1	H	write
180269	r0	D	write
180968	r1	G	write
181575	r3	B	write
182726	r1	I	read
182733	r0	F	read
184062	r0	D	write
184703	r3	B	write
185396	r1	I	write
186374	r3	C	write
186445	r0	E	write
186646	r1	I	write
187515	r0	D	read
188356	r1	H	write
188486	r3	C	read
189785	r0	F	write
189920	r1	G	write
190439	r3	A	read
191502	r3	B	read
191540	r1	I	write
192284	r1	H	read
192569	r0	F	read
193899	r1	H	write
193989	r3	C	read
194200	r0	D	write
195264	r1	I	read
195522	r3	C	read
196228	r0	D	read
196785	r3	A	read
196987	r1	I	read
197844	r0	D	write
198447	r3	A	write
199053	r1	H	read
199853	r0	F	read
200487	r1	I	read
200530	r3	A	read
201052	r1	I	read
201494	r3	C	read
202063	r0	E	read
203196	r1	I	read
203264	r3	B	write
203943	r3	A	read
204007	r0	E	write
204882	r1	G	read
206005	r0	E	read
206459	r3	B	write
206882	r1	H	write
207627	r0	D	write
208173	r1	H	read
208356	r3	B	read
209681	r0	D	write
210308	r3	B	write
210922	r1	G	read
211574	r0	D	read
212042	r3	B	read
213066	r1	I	write
213235	r0	D	read
213760	r0	E	read
214174	r3	C	write
214729	r1	H	read
215628	r0	D	write
216013	r3	B	write
216759	r0	F	read
216876	r1	I	write
216887	r3	B	write
217746	r0	E	read
218518	r3	C	read
218869	r1	I	read
220211	r0	F	read
220882	r3	B	read
221077	r0	D	read
221124	r1	I	read
222965	r3	C	write
223338	r1	G	read
223556	r0	E	read
224587	r1	I	read
224814	r3	B	read
225597	r0	E	write
226562	r3	A	read
227141	r1	H	read
228418	r3	C	read
228558	r0	D	write
228910	r1	G	write
230708	r1	G	write
230792	r0	E	read
231364	r3	B	write
232287	r1	G	read
232325	r0	F	write
233086	r1	H	read
233289	r3	B	write
234222	r0	E	read
234580	r3	B	read
234634	r1	I	read
235580	r1	H	read
235862	r0	F	read
236363	r3	C	read
237414	r1	H	write
237624	r0	D	read
238210	r3	C	read
238454	r0	D	write
238672	r1	G	read
239452	r3	B	write
240389	r0	F	read
240572	r1	I	write
241225	r3	A	read
242523	r1	I	read
242755	r0	F	read
242846	r3	B	write
244385	r3	A	read
244477	r0	D	read
244701	r1	H	write
245906	r3	A	read
246671	r0	D	read
246710	r1	G	read
247315	r3	C	write
247725	r0	F	read
249149	r1	I	read
249546	r3	C	write
249998	r0	D	read
250619	r1	I	read
251183	r3	C	write
251970	r0	D	read
252077	r3	C	write
252661	r1	I	write
253136	r0	F	write
254154	r3	A	read
254339	r1	G	read
254568	r0	D	read
255757	r3	A	write
255858	r0	D	read
256271	r1	I	write
257680	r3	B	read
257910	r0	D	write
258817	r1	I	read
260032	r0	D	write
260033	r3	B	read
260660	r1	I	read
261347	r0	E	read
262400	r3	B	read
262419	r0	E	read
263326	r1	I	read
263359	r3	C	write
265000	r3	B	read
265431	r0	D	read
265501	r1	G	read
266778	r0	E	read
266943	r3	A	read
267220	r1	I	read
267654	r0	F	read
268567	r1	G	read
268814	r3	C	read
269114	r0	F	read
270076	r3	C	read
270349	r1	H	write
270858	r0	F	read
271994	r1	G	read
272386	r3	B	write
272433	r0	F	write
273544	r1	G	read
274132	r3	B	read
275267	r1	G	read
275333	r0	D	write
276501	r3	C	read
276816	r1	I	read
277629	r0	F	read
277901	r1	G	write
278436	r3	C	read
279159	r0	D	write
280172	r0	D	read
280389	r1	G	write
280854	r3	A	write
281945	r1	G	write
281972	r3	B	write
282129	r0	F	read
283643	r0	E	read
283892	r1	H	write
284411	r3	C	read
285204	r3	C	read
285701	r0	E	read
285889	r1	G	read
286603	r1	H	read
287034	r0	F	write
287554	r3	C	write
288685	r1	G	read
288776	r3	A	write
289010	r0	E	write
289484	r3	C	read
290160	r1	I	read
290768	r0	D	read
290914	r3	A	write
291644	r1	I	write
292222	r3	C	write
292524	r0	E	read
292885	r1	H	write
293355	r3	A	write
294278	r0	F	read
294739	r1	H	read
295119	r3	A	write
295794	r0	E	read
297085	r1	G	read
297162	r0	E	write
297617	r3	A	read
299604	r1	I	read
300192	r3	C	write
300414	r0	D	write
300503	r1	H	read
301517	r0	D	read
301977	r3	A	write
302042	r1	G	read
303040	r3	B	write
303678	r1	G	write
303761	r0	E	write
305453	r3	B	write
306192	r0	E	read
306705	r1	H	write
307399	r3	A	read
307886	r1	H	write
308547	r0	E	write
308742	r3	A	write
309566	r1	I	write
309936	r0	E	read
310879	r1	H	read
311105	r0	F	write
311139	r3	B	read
312387	r3	B	read
312441	r0	E	write
313041	r1	G	write
313891	r3	B	write
314496	r1	H	write
315881	r3	A	read
316125	r0	F	write
316237	r1	H	read
317761	r1	I	write
318016	r3	A	read
318566	r0	D	write
319564	r1	H	read
320047	r3	A	write
320274	r0	D	read
321137	r1	I	read
321231	r3	A	read
321602	r1	H	read
321645	r0	D	read
322899	r1	H	write
322985	r3	B	read
324509	r0	E	write
324920	r1	H	read
325395	r3	B	write
325650	r0	E	write
326667	r1	I	read
327146	r0	F	write
327806	r3	A	write
328598	r0	F	write
328733	r1	H	read
328963	r3	A	write
330488	r1	I	write
330758	r0	D	read
330841	r3	B	read
332485	r1	I	write
332499	r3	B	write
332758	r0	E	read
333512	r1	I	write
333849	r3	C	write
334564	r0	F	read
334594	r1	I	read
335759	r3	B	write
336457	r1	H	write
336887	r3	C	read
336915	r0	E	read
338159	r0	E	read
338377	r1	H	write
338867	r3	C	write
339931	r1	H	write
340730	r0	F	read
341104	r3	A	read
342155	r1	G	read
342658	r3	A	read
343555	r0	E	read
344385	r3	A	write
344900	r0	D	write
344925	r1	I	read
345141	r3	C	write
346535	r1	H	read
347141	r0	D	write
347728	r3	B	read
348820	r0	E	read
348943	r1	H	read
349201	r3	B	write
349956	r0	E	read
350046	r1	I	read
351422	r3	B	read
351620	r1	G	read
351833	r0	D	read
352494	r0	D	read
352619	r1	I	write
353661	r3	C	write
354693	r0	F	read
355281	r3	C	read
355445	r1	I	read
355834	r0	D	read
356940	r0	D	write
357661	r1	H	write
358216	r3	A	write
358997	r1	H	read
359723	r0	D	write
359971	r3	C	read
361251	r1	I	write
361711	r0	F	write
361756	r3	C	write
362764	r1	G	read
363313	r0	D	write
364116	r1	G	read
364455	r3	A	read
365585	r0	F	write
365898	r1	I	read
366332	r3	A	write
367280	r1	H	read
367283	r0	E	read
367485	r3	B	read
369087	r3	A	read
369458	r1	H	read
369599	r0	E	write
370559	r3	B	read
370996	r1	H	read
371123	r0	D	read
372299	r3	A	read
372684	r1	H	read
373264	r0	D	read
373970	r3	A	read
374827	r1	G	read
375392	r0	F	read
375599	r3	C	read
376582	r1	H	read
376624	r3	A	read
377032	r0	D	read
377617	r1	H	write
378527	r3	B	write
379234	r1	H	read
379685	r0	D	write
380397	r0	D	write
380427	r1	G	write
381022	r3	B	write
381911	r1	I	read
382771	r3	A	read
382875	r0	F	read
383664	r1	H	write
384397	r3	A	read
384751	r0	F	write
385332	r1	I	write
386264	r3	A	read
386353	r0	E	read
386938	r1	G	read
387909	r3	A	read
387959	r0	F	read
388359	r1	I	write
389419	r3	A	write
389806	r0	E	write
390175	r1	G	write
390913	r3	C	write
391639	r1	G	read
392286	r3	B	read
392800	r0	F	read
393506	r3	C	write
393586	r1	H	write
393733	r0	F	read
394566	r1	G	write
394810	r0	D	read
395519	r3	C	write
395987	r1	G	write
396250	r0	F	read
397292	r1	H	read
397695	r3	A	write
398727	r1	G	read
398809	r0	F	read
399581	r3	C	write
400258	r1	H	read
400548	r0	E	read
401431	r3	B	write
402462	r0	D	read
402775	r1	G	read
402997	r3	B	write
403992	r1	G	write
404889	r0	D	read
405181	r3	A	read
405996	r1	G	write
407282	r3	C	write
407283	r1	G	read
407299	r0	E	read
408307	r0	E	read
408928	r3	A	write
409379	r1	I	write
410673	r0	E	write
411448	r1	H	read
411697	r3	C	write
413180	r0	F	read
413186	r3	B	read
413678	r1	I	write
414911	r3	A	read
415040	r0	E	read
415421	r1	H	read
416003	r3	A	read
416815	r0	F	read
417438	r3	C	read
417468	r1	H	write
418628	r3	B	read
418695	r0	E	read
418773	r1	G	write
420498	r0	F	write
420569	r3	A	write
420771	r1	H	write
422290	r1	I	read
422915	r0	D	read
423369	r3	A	read
423386	r1	G	read
424193	r0	F	read
425830	r3	C	write
425883	r0	E	write
426145	r1	G	write
427385	r1	G	read
427892	r0	E	write
427953	r3	A	write
429131	r0	E	write
429497	r1	H	read
430270	r3	B	write
430905	r0	D	write
430977	r1	G	read
432603	r3	B	write
432685	r1	G	read
432903	r0	F	read
433729	r3	A	write
434480	r1	H	write
434902	r3	A	read
435077	r0	F	read
436603	r3	A	read
436712	r0	D	read
437455	r1	G	write
437865	r0	D	read
438683	r3	C	write
439579	r1	I	read
440298	r3	B	read
440644	r0	D	read
440819	r1	I	read
441415	r1	I	read
442280	r0	D	read
442328	r1	H	read
442483	r3	A	read
443614	r1	I	read
443805	r3	C	write
444089	r0	F	write
444946	r1	G	write
445493	r3	A	write
446070	r0	F	write
446518	r1	I	write
447096	r3	B	read
447118	r0	F	read
448296	r0	F	read
448503	r3	A	read
448929	r1	H	read
449837	r0	D	read
450340	r3	C	write
451149	r1	G	write
451701	r0	D	write
452207	r3	B	write
453471	r1	H	read
454096	r3	B	read
454161	r0	E	read
454810	r1	I	read
455431	r3	A	read
455968	r0	D	read
456548	r3	B	write
457164	r1	G	read
457347	r0	E	read
458351	r1	I	read
458672	r3	A	write
459958	r0	D	read
460324	r3	C	read
460770	r1	G	read
461506	r3	A	read
461556	r0	D	read
461998	r1	I	write
462960	r3	B	read
463512	r0	F	read
463656	r1	G	read
464937	r1	I	write
464979	r0	E	write
465274	r3	A	write
467080	r1	G	read
467481	r3	B	write
467528	r0	F	read
468034	r1	G	read
469450	r0	E	write
470089	r3	A	write
470230	r1	I	read
470505	r0	F	read
471391	r1	I	read
471675	r3	A	read
472271	r0	E	read
472882	r3	B	read
473769	r1	H	write
474627	r0	D	read
475297	r3	B	write
475822	r1	I	read
476213	r0	E	read
477589	r0	F	read
477592	r3	C	read
477889	r1	G	read
479456	r3	A	read
479739	r0	D	write
480457	r1	I	read
481118	r0	E	read
481962	r3	C	read
482208	r1	I	read
483214	r3	C	read
483526	r1	I	write
483751	r0	D	read
484381	r3	A	write
485074	r0	E	write
485741	r3	A	write
486508	r1	G	read
486711	r0	D	read
487470	r3	C	write
487936	r0	D	read
488891	r1	H	read
489680	r3	B	write
490019	r0	D	read
490281	r1	H	read
491768	r3	B	read
492426	r1	I	read
492530	r0	F	read
493693	r3	B	write
494222	r0	D	read
494772	r1	H	read
495378	r0	F	write
495738	r3	A	read
496455	r1	I	write
497471	r3	C	read
497949	r0	D	write
498526	r1	I	write
498840	r3	C	read
500516	r0	D	write
500638	r3	A	write
500681	r1	G	write
502082	r3	B	read
502539	r0	D	read
503677	r1	H	read
504229	r0	F	read
504416	r3	A	read
505615	r1	I	read
506482	r3	C	write
507056	r0	F	read
507313	r1	H	read
507519	r3	A	write
508092	r0	D	read
508915	r1	I	read
509150	r3	B	write
509680	r0	F	read
509952	r1	H	read
510383	r3	C	write
510657	r0	E	write
511308	r1	I	write
512676	r0	E	read
512769	r3	A	read
513128	r1	I	read
513179	r3	C	write
514238	r1	G	read
514328	r0	D	read
514775	r3	C	write
515444	r1	I	write
515855	r3	B	read
516629	r0	F	read
516728	r1	G	write
517493	r3	A	read
518922	r0	D	read
519075	r1	H	write
520018	r3	C	write
520968	r0	D	write
521539	r1	I	read
522043	r3	C	write
522686	r1	H	read
522728	r0	F	read
524011	r3	A	read
524568	r1	I	read
525235	r3	A	read
525607	r0	E	read
526563	r1	I	read
526587	r3	A	read
527708	r0	F	read
528799	r1	I	read
528991	r3	B	read
529941	r0	D	read
530450	r1	I	read
530759	r3	B	read
531329	r0	E	write
531839	r1	H	write
532791	r3	C	read
533132	r1	G	read
534149	r0	D	read
534287	r3	A	read
535412	r1	H	read
535688	r3	A	write
535699	r0	F	read
536930	r3	C	write
537689	r0	D	read
537852	r1	I	write
538059	r3	B	read
539069	r3	C	read
539459	r0	D	write
540285	r1	H	read
541485	r0	E	read
541574	r3	C	read
542481	r1	I	write
543204	r3	A	read
543605	r0	D	read
544452	r1	H	read
545258	r3	C	read
545992	r0	D	write
546676	r1	I	read
546991	r0	D	write
547423	r3	C	read
548481	r1	I	read
548633	r0	E	read
549703	r3	C	read
550232	r0	F	read
550382	r1	H	read
551596	r3	C	read
551815	r0	F	write
552402	r1	H	write
552953	r3	A	write
553082	r0	D	write
554102	r1	G	read
555051	r1	G	read
555549	r3	A	read
556144	r0	E	read
556923	r3	A	write
557172	r1	H	read
558518	r0	D	read
558734	r3	B	read
559194	r1	H	write
559510	r1	H	read
560793	r3	C	write
561019	r0	D	read
562015	r1	I	read
563109	r3	A	read
563624	r0	E	read
563811	r1	I	read
564367	r3	C	read
565011	r1	G	write
565737	r1	H	write
566317	r3	A	write
567045	r0	D	write
567314	r1	G	read
568746	r0	D	read
568891	r3	C	write
568944	r1	I	write
570385	r3	C	write
570579	r0	F	read
571578	r1	I	read
572198	r3	A	read
572750	r0	E	write
573640	r1	I	write
573949	r3	C	write
574665	r0	D	read
574749	r3	A	read
575554	r1	G	read
575763	r0	D	read
576116	r1	I	write
576361	r3	C	write
578074	r0	F	read
578175	r1	G	write
578834	r3	A	write
579608	r0	D	write
579829	r1	H	write
581002	r1	I	write
581315	r3	C	write
581449	r0	F	read
582708	r0	D	read
582734	r1	I	write
583005	r3	A	write
584580	r0	F	read
584767	r3	A	read
584813	r1	I	read
586808	r0	D	read
586992	r1	I	read
587113	r3	B	read
588525	r1	G	write
589017	r3	A	write
589037	r0	E	write
590521	r0	D	read
590529	r1	H	read
590957	r3	C	read
592274	r1	G	write
593304	r3	A	read
593704	r0	E	read
593884	r1	H	write
594329	r3	A	read
595417	r0	F	write
595694	r1	H	read
595920	r3	A	write
596850	r0	F	read
597146	r1	H	read
597924	r3	B	read
598522	r0	D	read
598811	r1	I	write
599346	r3	A	read
600386	r3	C	read
600620	r0	F	read
601201	r1	I	write
602516	r0	F	write
602575	r3	B	write
603200	r1	I	write
603785	r3	B	write
604227	r0	F	read
605273	r1	I	write
605771	r0	F	write
605962	r3	B	write
607136	r1	H	write
607405	r0	E	write
607420	r3	B	read
608774	r3	B	read
608831	r1	H	read
609345	r0	E	read
609362	r3	A	read
610984	r1	I	read
611310	r0	E	write
611561	r3	B	read
612903	r1	I	read
613067	r3	C	write
613496	r0	D	read
614638	r1	G	write
615069	r0	F	read
615575	r1	G	read
615708	r3	C	read
617039	r0	F	read
617715	r1	G	write
618035	r3	C	read
619121	r1	G	write
619412	r0	E	write
619606	r3	C	read
620741	r1	I	write
622137	r0	D	read
622312	r3	C	read
622740	r1	H	write
624571	r0	D	write
624597	r3	A	write
625665	r1	H	write
626644	r3	A	write
627053	r1	H	read
627095	r0	D	read
628266	r3	A	read
628776	r0	D	read
629343	r1	I	write
630129	r3	A	read
630709	r0	D	read
630870	r1	H	write
631702	r3	C	read
631959	r0	F	write
632776	r1	I	write
633327	r0	F	read
633833	r1	H	read
633869	r3	B	read
635742	r1	I	write
635753	r0	F	read
635925	r3	C	write
636632	r3	B	write
636731	r1	G	read
637935	r0	E	write
638327	r3	B	write
638937	r1	G	write
639371	r0	E	read
640736	r0	E	read
640750	r3	B	write
641163	r1	H	write
642077	r0	E	read
642499	r3	A	write
642911	r1	G	write
643972	r0	D	write
644240	r1	I	write
644554	r3	A	write
646061	r1	H	write
646538	r3	B	write
646708	r0	D	read
647383	r1	G	read
648500	r3	B	read
648863	r1	I	read
649105	r0	F	read
649579	r3	B	read
650855	r0	F	write
651068	r3	A	write
651118	r1	G	read
653022	r3	A	read
653219	r0	D	write
653311	r1	I	read
654178	r3	A	read
654903	r0	E	write
655882	r3	C	read
655928	r1	G	write
656797	r0	E	write
657401	r3	B	write
658365	r0	F	read
658704	r3	C	read
659308	r1	H	write
659800	r0	F	write
661002	r3	C	read
661358	r1	I	read
661748	r0	E	write
662505	r3	B	write
663786	r1	I	read
663865	r0	E	write
665037	r3	A	read
665331	r0	D	read
665796	r1	G	read
666713	r3	B	read
666826	r0	D	read
667577	r1	I	write
668281	r0	F	write
668546	r3	C	write
669556	r1	G	read
670169	r0	F	read
670526	r3	B	read
671767	r1	G	write
672430	r3	A	write
672522	r0	D	write
673410	r1	H	read
673569	r3	A	write
674145	r1	H	read
675209	r1	I	read
675251	r0	E	write
676134	r3	C	write
676657	r1	I	read
677022	r0	E	write
678220	r3	C	write
678754	r0	E	write
679299	r1	G	read
679543	r0	D	read
680350	r3	C	write
681399	r0	D	read
681835	r3	C	write
681853	r1	H	read
682653	r0	F	read
683323	r1	I	read
683529	r3	A	write
683910	r3	B	read
684881	r3	C	read
684923	r0	D	write
685740	r1	H	read
686215	r0	F	read
686857	r3	B	write
687331	r0	E	write
687653	r1	H	read
688461	r3	A	read
689242	r0	F	read
689317	r1	H	read
690683	r1	I	read
690724	r3	A	read
691593	r0	E	read
692059	r1	I	write
692127	r3	C	read
692959	r0	E	read
693880	r3	A	read
694319	r1	H	read
694442	r0	E	read
696117	r3	B	read
696509	r0	D	read
696669	r1	I	read
697169	r3	B	read
697671	r1	I	write
697898	r0	F	read
698841	r1	I	read
698973	r3	B	write
699829	r0	F	read
700245	r3	B	write
700580	r1	G	write
701607	r3	B	write
703129	r1	I	read
703150	r0	D	read
703924	r3	B	write
704958	r0	E	write
705321	r1	I	read
706180	r3	C	write
707002	r1	I	write
707030	r0	D	write
707294	r3	C	read
708287	r0	F	read
708331	r3	C	read
708782	r1	H	read
709974	r3	A	write
710534	r0	D	write
711116	r1	G	read
711154	r3	A	read
713119	r0	E	read
713726	r1	I	read
714299	r3	B	read
715485	r3	C	write
715654	r0	E	read
716093	r1	I	write
716997	r1	H	write
717197	r3	A	write
717250	r0	F	read
718148	r1	I	write
718505	r0	F	read
719260	r1	I	write
719374	r3	A	write
720650	r0	E	write
720671	r1	G	read
721819	r3	B	write
721920	r0	E	read
723155	r0	E	read
723175	r1	G	read
723181	r3	B	read
724750	r3	B	write
724805	r0	E	read
725070	r1	G	read
726541	r3	B	write
726687	r0	F	write
727190	r1	G	read
727859	r3	C	read
728337	r0	F	write
729057	r1	H	write
729133	r3	B	read
729964	r1	I	write
730296	r0	E	read
730509	r3	B	write
730970	r3	C	write
731629	r0	D	write
731945	r1	I	read
732144	r3	A	read
732276	r0	E	read
733645	r1	G	read
733982	r3	B	write
734526	r0	F	read
735035	r1	H	write
735881	r3	C	read
736679	r0	F	write
737189	r3	C	read
737302	r1	I	read
737858	r0	E	read
738869	r0	D	read
738924	r3	B	write
739015	r1	H	write
740135	r1	G	write
740342	r0	D	write
740745	r3	C	read
741626	r1	G	read
742406	r0	D	read
742722	r3	A	read
743057	r1	I	write
743566	r3	A	read
743807	r0	D	write
745234	r3	C	write
745546	r1	I	read
745803	r0	E	read
746742	r3	A	read
747078	r1	G	read
747227	r0	D	read
748511	r0	E	read
748689	r3	C	write
749584	r1	H	write
750618	r0	E	read
751098	r3	C	write
751479	r1	G	read
752027	r0	D	read
752953	r1	H	write
753502	r3	B	read
753535	r0	E	read
754774	r1	H	write
754786	r0	D	read
754941	r3	C	read
756227	r3	B	read
756352	r1	H	read
756861	r0	F	write
757724	r0	D	write
757824	r3	C	read
758642	r1	G	read
759440	r3	A	read
759943	r0	E	write
760981	r1	I	read
761681	r3	A	write
762036	r0	E	write
763052	r1	H	read
763061	r0	E	read
763824	r3	B	read
764619	r1	H	read
765183	r0	D	read
765288	r1	G	read
766406	r3	B	write
766716	r1	G	read
766743	r0	E	read
767920	r1	H	read
767986	r3	B	read
768568	r0	D	write
768923	r1	H	read
769945	r0	E	read
770498	r0	F	read
770713	r3	A	read
770801	r1	G	read
771807	r0	D	read
772413	r3	A	read
772716	r1	H	write
773993	r0	E	read
774033	r3	B	write
775338	r1	G	read
776168	r3	C	write
776748	r0	F	write
777806	r1	G	read
778760	r0	E	write
778786	r3	A	write
779818	r1	G	write
780365	r0	E	read
780721	r3	B	read
781543	r1	H	read
782119	r0	D	read
782515	r3	C	write
783504	r1	H	read
783686	r0	E	read
783951	r3	C	write
784885	r3	B	read
785048	r1	G	read
785891	r0	F	read
786314	r1	G	read
786455	r3	A	read
787762	r0	E	read
787842	r3	A	write
788067	r1	G	write
788875	r3	B	read
789319	r0	F	write
790874	r1	G	read
791085	r0	F	write
791115	r3	B	write
792161	r0	E	write
792503	r1	G	read
792573	r3	C	write
793878	r1	I	write
793975	r0	F	read
794380	r3	A	read
795379	r3	C	write
795514	r1	I	write
795596	r0	F	write
796757	r1	H	read
797307	r3	A	read
798057	r0	E	write
798780	r1	I	read
799164	r0	D	read
799406	r3	C	write
800687	r0	D	write
800785	r1	H	write
800887	r3	A	read
802266	r1	I	write
802999	r0	D	read
803089	r3	A	read
803705	r1	G	read
804693	r0	D	read
804974	r1	G	write
805076	r3	C	write
805776	r1	H	read
806447	r0	F	read
806937	r3	B	read
807639	r0	E	read
807959	r1	I	write
808864	r3	A	write
809141	r1	I	read
809254	r0	F	read
811083	r1	I	write
811240	r0	F	read
811303	r3	A	write
813745	r0	E	write
813966	r3	C	write
814052	r1	G	write
815194	r1	I	read
815476	r0	E	read
815767	r3	A	read
816962	r3	B	read
816996	r1	G	read
817387	r0	F	read
818312	r0	E	read
818430	r1	H	write
819820	r1	H	write
819896	r3	A	read
820441	r0	D	read
821139	r3	C	read
821797	r1	H	read
822705	r0	D	read
823103	r3	B	read
824497	r0	D	write
824845	r1	G	write
825479	r3	A	read
826691	r1	H	write
826847	r0	F	read
826951	r3	A	read
828020	r1	G	read
828683	r0	E	read
828946	r3	A	write
829609	r1	G	write
830376	r0	E	write
830542	r3	B	read
831413	r1	I	write
831676	r0	D	read
831805	r3	B	read
833440	r1	H	write
833476	r0	E	read
833936	r3	B	read
834800	r1	I	read
835822	r0	F	read
836130	r1	I	read
836340	r3	B	write
837687	r3	A	write
838634	r1	H	write
838730	r0	D	read
839874	r3	B	read
840260	r1	H	read
840788	r0	F	write
841284	r0	D	write
841690	r1	G	read
842491	r3	C	write
842571	r0	D	read
843609	r1	I	read
844497	r3	A	read
844793	r0	E	write
845934	r1	H	read
846251	r0	F	write
846628	r3	A	read
847799	r1	I	write
848323	r3	B	read
848761	r0	F	write
849499	r1	I	write
850128	r0	F	write
850428	r3	B	write
851017	r1	H	read
851816	r0	D	read
851889	r3	B	write
853113	r1	I	write
853368	r3	C	read
854254	r0	E	write
855199	r3	B	read
855455	r1	G	read
856708	r0	E	read
856710	r3	A	read
857600	r1	H	write
857782	r3	B	write
858357	r0	D	write
859345	r3	A	read
859675	r1	I	read
859987	r0	E	read
860101	r0	E	write
861216	r1	G	write
861388	r3	A	read
862526	r0	D	write
863223	r0	D	read
863305	r3	C	write
863340	r1	I	write
864944	r0	F	read
865158	r1	H	write
865355	r3	C	write
866579	r0	D	read
867477	r1	I	read
867711	r3	B	write
867889	r0	D	read
869108	r3	C	read
869884	r1	I	read
870005	r0	F	write
870958	r3	A	write
871499	r1	H	read
871924	r0	D	write
873028	r0	D	read
873247	r1	I	write
873374	r3	B	write
874537	r0	D	write
875706	r1	G	read
876755	r3	A	write
876967	r0	E	read
877225	r1	H	read
878298	r3	C	write
879093	r1	I	read
879386	r0	E	read
880375	r1	G	read
880572	r3	A	read
880921	r0	D	read
882358	r1	G	write
882808	r3	C	write
883199	r0	E	write
884093	r1	H	read
884440	r0	D	read
885337	r3	A	read
885954	r1	H	write
886516	r0	F	write
886763	r3	B	read
887663	r1	H	read
888512	r0	E	read
889041	r3	C	read
889638	r1	H	read
890081	r0	D	read
891309	r1	G	write
891404	r3	B	write
891413	r0	F	read
892770	r0	F	read
893521	r3	C	read
893716	r1	H	write
895155	r1	I	read
895200	r0	F	read
895564	r3	C	read
896960	r1	I	read
897118	r0	E	write
897588	r3	B	write
898391	r1	G	write
898530	r0	D	write
899923	r1	G	write
900105	r3	A	read
900575	r0	D	read
901969	r0	D	read
902070	r1	I	read
902124	r3	A	read
903034	r0	F	write
904280	r3	C	read
904555	r1	I	read
905022	r0	F	read
906430	r3	B	write
906471	r0	D	write
907346	r1	G	write
908088	r0	D	read
908156	r3	A	read
909340	r3	A	write
909461	r1	G	write
909891	r0	F	read
911097	r0	E	read
911514	r3	A	write
911935	r1	G	write
913295	r0	F	read
913654	r1	G	read
913672	r3	C	read
914309	r0	E	read
914805	r3	B	write
914969	r1	H	read
915960	r0	F	read
916486	r1	G	read
916542	r3	B	write
917939	r0	D	read
918269	r3	C	read
918632	r1	G	read
919682	r0	E	read
919854	r3	B	read
920952	r1	G	write
921171	r0	E	read
921961	r3	B	read
922808	r1	G	write
923440	r0	E	write
924187	r1	H	read
924493	r0	E	write
924559	r3	C	read
925932	r1	G	read
926117	r0	F	read
926577	r3	A	read
928094	r0	F	read
928518	r3	C	read
928908	r1	I	write
929678	r0	E	read
930474	r1	H	read
930552	r0	F	write
930737	r3	A	write
931655	r0	D	write
932242	r1	H	write
932715	r3	B	read
933672	r0	F	write
934421	r3	A	read
934924	r1	G	write
935425	r0	D	read
935909	r3	B	write
936790	r0	E	write
937160	r3	A	write
937222	r1	H	read
938758	r0	E	read
939055	r3	B	read
939815	r0	E	read
939964	r1	H	read
941249	r3	C	read
942000	r0	F	read
942024	r1	H	read
943689	r3	A	read
943816	r1	I	write
944506	r0	E	write
945752	r3	A	write
945995	r0	D	write
946043	r1	H	write
947627	r3	C	read
947708	r0	D	read
948137	r1	H	read
948827	r3	A	write
949763	r1	I	read
950105	r0	D	write
950192	r3	C	write
951096	r1	G	write
951713	r0	D	write
952285	r3	A	write
952426	r1	I	write
953746	r3	C	read
953775	r0	D	write
953986	r1	G	write
955164	r0	D	read
955187	r1	I	write
955634	r3	C	read
956916	r0	E	read
957001	r1	G	write
957368	r3	C	write
957780	r0	F	write
958508	r3	B	read
959663	r3	B	write
959699	r0	E	write
960138	r1	H	write
961390	r3	B	write
961516	r0	F	write
962459	r1	G	read
963058	r3	C	read
963585	r0	D	write
963702	r1	G	write
964746	r3	B	write
966011	r1	G	write
966066	r3	B	read
966427	r0	E	read
967681	r1	G	read
967975	r3	C	write
969186	r0	E	write
969233	r1	G	write
969931	r3	B	write
970660	r1	I	write
971030	r0	F	read
971384	r3	A	write
972636	r1	H	read
972678	r0	F	read
973385	r3	B	read
974199	r0	D	read
974679	r3	B	read
974999	r1	G	write
976001	r3	A	write
976280	r1	H	read
976523	r0	D	write
978030	r3	C	read
978333	r0	F	read
978474	r1	I	read
979084	r3	B	read
979589	r0	F	write
980353	r1	H	read
980727	r0	E	read
981122	r3	B	read
982141	r3	A	write
983025	r0	E	read
983130	r1	I	write
983893	r3	A	write
984782	r0	F	write
985091	r1	I	write
985120	r3	B	write
985542	r3	A	write
986871	r0	D	write
987250	r1	H	read
987291	r3	A	read
988850	r0	E	read
988917	r1	H	read
989071	r3	C	read
990057	r0	F	read
991303	r1	I	write
991661	r3	B	write
991730	r0	F	read
992820	r1	G	read
993354	r3	C	write
993713	r0	E	read
994253	r1	G	read
994993	r0	E	read
995303	r1	H	read
995482	r3	C	read
996346	r0	E	read
996650	r1	I	read
997208	r3	B	read
998367	r1	I	read
998630	r3	C	read
998652	r0	F	read
999716	r1	H	write
999945	r0	F	read
1001011	r3	A	read
1001340	r0	F	read
1002299	r1	I	read
1002856	r3	C	write
1003018	r0	E	write
1004471	r0	F	read
1004813	r1	H	write
1005264	r3	A	read
1005970	r1	H	read
1006033	r0	E	read
1006319	r3	B	read
1008363	r0	E	write
1008421	r3	A	read
1008453	r1	I	write
1009956	r3	C	read
1010104	r0	D	write
1010318	r1	H	write
1011811	r0	D	read
1012061	r3	B	read
1012670	r1	I	read
1013047	r3	B	write
1013151	r0	F	write
1014104	r3	B	write
1014148	r1	G	read
1014700	r0	E	read
1015480	r0	D	read
1015762	r3	A	read
1015803	r1	G	read
1017296	r3	C	write
1017843	r0	D	write
1017933	r1	G	read
1019174	r3	A	read
1019649	r0	D	read
1020369	r1	H	read
1020849	r0	F	read
1021632	r3	B	read
1021952	r1	H	read
1022367	r0	F	write
1022677	r3	C	read
1023575	r1	I	read
1024301	r3	B	read
1024877	r0	D	write
1026065	r1	I	read
1026580	r0	F	read
1026829	r3	B	write
1028301	r1	H	write
1028622	r0	E	read
1029137	r3	A	write
1030137	r1	G	read
1030750	r3	C	read
1030784	r0	D	read
1031596	r1	H	write
1032474	r0	E	read
1032951	r1	I	read
1033131	r3	C	read
1033738	r0	F	read
1034643	r1	H	write
1034656	r3	C	read
1035966	r3	B	read
1036171	r0	E	write
1036593	r1	G	write
1037415	r0	E	write
1038767	r3	A	write
1039093	r0	E	read
1039188	r1	I	write
1039985	r3	B	read
1040200	r0	F	write
1041137	r3	B	read
1041219	r1	G	read
1041532	r0	E	write
1041682	r1	G	read
1042470	r3	B	read
1042846	r0	D	read
1043633	r1	G	read
1044011	r0	D	write
1044166	r3	C	write
1045281	r1	H	read
1046011	r3	C	read
1046403	r0	E	read
1046585	r1	I	write
1047318	r3	B	read
1048279	r1	I	read
1048378	r0	E	read
1049737	r3	C	read
1049771	r0	F	read
1050363	r1	G	read
1051287	r1	H	read
1051350	r0	E	read
1052241	r0	D	write
1053015	r3	B	write
1053737	r0	E	read
1054137	r1	H	read
1054779	r3	C	read
1055735	r1	G	write
1056720	r3	B	write
1056996	r0	D	read
1057484	r1	G	read
1058139	r1	G	write
1058308	r0	E	write
1058699	r3	B	read
1059114	r1	G	read
1059914	r1	G	read
1060069	r0	E	read
1060452	r3	C	write
1060919	r0	F	read
1061736	r1	H	read
1062455	r0	F	write
1062509	r3	B	read
1063417	r1	I	read
1063577	r3	C	write
1064403	r3	B	write
1064455	r0	F	write
1065181	r1	G	write
1066135	r3	B	read
1066632	r1	I	write
1066994	r0	F	read
1067709	r3	A	read
1067873	r1	I	read
1068791	r0	D	read
1068840	r1	I	read
1070202	r3	C	write
1070871	r1	I	write
1071088	r0	D	read
1071939	r1	G	write
1072692	r3	B	write
1073136	r0	E	read
1073746	r3	B	read
1073859	r1	G	read
1074563	r0	F	write
1075818	r3	A	read
1076394	r1	H	read
1077240	r0	E	read
1077371	r3	A	read
1077970	r1	I	read
1078285	r3	B	read
1078571	r0	D	read
1079634	r1	I	read
1079878	r3	C	write
1080211	r0	F	read
1081458	r3	C	write
1081904	r1	I	read
1082254	r0	F	read
1083001	r1	G	write
1083701	r3	B	write
1084029	r0	E	write
1085149	r0	D	write
1085357	r1	I	write
1085842	r3	C	read
1086609	r0	D	read
1087709	r1	I	read
1088126	r0	F	write
1088217	r3	A	read
1089498	r1	H	read
1090275	r3	A	read
1090992	r0	D	write
1091831	r1	G	write
1091905	r0	F	write
1092244	r3	A	write
1093375	r1	I	read
1093551	r3	B	read
1094892	r0	E	read
1095388	r1	H	write
1096114	r3	A	read
1096486	r0	D	write
1097077	r1	I	read
1097370	r3	A	write
1098283	r0	D	write
1098595	r1	I	write
1099736	r0	E	read
1099936	r3	C	read
1100331	r1	I	read
1100957	r3	A	read
1101495	r0	F	write
1102284	r1	H	read
1102984	r3	B	write
1103103	r0	F	write
1104100	r1	I	read
1104711	r0	E	read
1104788	r3	C	write
1106065	r3	B	write
1106073	r0	F	write
1106369	r1	H	write
1107448	r0	F	read
1107865	r3	A	read
1108580	r1	I	read
1109288	r0	F	read
1109315	r3	B	write
1110322	r1	G	read
1110369	r3	C	read
1111212	r0	E	read
1112177	r3	C	write
1112588	r1	H	read
1113133	r1	I	write
1113237	r0	D	read
1114000	r3	A	write
1114119	r0	F	read
1115187	r1	I	read
1115720	r3	A	read
1115832	r0	D	read
1117211	r1	H	write
1117338	r3	A	read
1117966	r0	E	write
1119208	r1	I	read
1119396	r3	B	write
1119825	r0	D	write
1120740	r3	A	write
1120754	r1	I	write
1120821	r0	F	write
1121721	r3	C	read
1122544	r0	D	read
1123284	r1	G	read
1124116	r3	B	read
1124367	r0	D	read
1125305	r1	H	write
1125342	r3	C	write
1126078	r0	D	read
1126393	r1	I	read
1127112	r3	A	read
1128587	r0	E	read
1128719	r1	H	write
1128910	r3	C	read
1130232	r3	A	write
1130234	r0	F	read
1130331	r1	I	read
1131153	r3	A	write
1131816	r1	H	write
1132277	r0	F	read
1133046	r0	E	read
1133369	r3	B	read
1133661	r1	G	write
1134709	r0	D	write
1135385	r1	I	write
1135574	r3	A	read
1136610	r0	E	read
1136749	r3	B	read
1137006	r1	I	write
1138290	r3	C	write
1138928	r1	H	read
1139398	r0	F	read
1139457	r3	A	write
1140442	r1	I	read
1140667	r0	D	write
1141575	r3	B	write
1143069	r3	B	read
1143403	r1	I	write
1143900	r0	E	read
1144870	r1	I	read
1145535	r1	I	read
1145565	r3	B	read
1145586	r0	D	read
1146927	r3	A	read
1147252	r0	D	read
1148103	r1	H	read
1148938	r0	E	write
1149183	r3	A	read
1149237	r1	I	write
1150681	r1	I	read
1151099	r0	E	read
1152183	r1	H	write
1152326	r3	A	write
1152659	r0	F	write
1154000	r3	B	read
1154101	r0	E	read
1154237	r1	G	write
1155378	r1	H	write
1156170	r3	A	read
1156873	r1	I	write
1157286	r0	F	read
1157809	r3	C	read
1158370	r1	I	write
1159001	r0	D	read
1160136	r3	C	write
1160318	r1	G	read
1160757	r0	D	read
1161723	r3	B	read
1162344	r1	H	write
1162997	r0	F	read
1163360	r3	C	read
1164261	r1	G	write
1165057	r0	E	write
1165566	r3	C	read
1166165	r0	D	read
1166459	r1	H	write
1167726	r0	D	write
1167831	r3	C	read
1168094	r1	I	read
1168663	r3	B	read
1169602	r0	E	read
1170273	r1	H	read
1170626	r3	C	write
1171541	r0	F	write
1172392	r1	I	write
1172435	r3	B	read
1173352	r0	D	read
1173373	r3	A	read
1174089	r1	I	write
1175099	r0	E	read
1175588	r3	C	read
1176439	r1	I	write
1176464	r0	F	read
1177222	r1	G	write
1177706	r0	E	write
1179010	r3	B	write
1179299	r1	I	read
1179733	r0	D	read
1179929	r3	A	read
1181546	r1	H	read
1181608	r0	D	write
1181958	r3	B	write
1183352	r1	H	read
1183931	r0	D	read
1184467	r3	C	read
1184871	r1	I	read
1185467	r0	E	read
1185760	r0	D	write
1186141	r1	H	read
1187005	r3	C	write
1188062	r0	D	read
1188142	r1	H	read
1189042	r3	A	read
1190296	r3	A	write
1190308	r0	E	write
1190551	r1	G	write
1191482	r3	B	write
1191830	r0	D	read
1192105	r1	G	write
1193162	r3	A	write
1193955	r1	I	read
1194029	r0	F	write
1195496	r0	D	read
1195742	r3	A	write
1196061	r1	H	read
1197526	r3	C	read
1197783	r0	F	read
1197911	r1	G	read
1199132	r0	F	read
1199192	r3	C	write
1199680	r1	G	write
1200776	r0	E	write
1201502	r3	A	read
1201742	r1	I	write
1201959	r3	A	read
1203054	r0	F	write
1203363	r1	G	read
1204267	r3	B	read
1204269	r1	G	write
1205470	r0	E	read
1206279	r3	C	write
1206390	r1	G	write
1207448	r0	E	write
1208149	r1	I	read
1208302	r3	C	read
1209050	r0	F	write
1209492	r1	I	read
1210417	r3	A	write
1211536	r1	G	write
1211567	r0	E	write
1212554	r3	B	read
1213216	r1	H	read
1213405	r0	D	read
1213990	r3	A	write
1215240	r1	G	read
1215619	r0	F	read
1216586	r3	B	write
1217444	r0	D	write
1217473	r1	G	write
1218413	r3	B	read
1219145	r1	I	read
1219423	r0	E	write
1220311	r3	B	write
1220800	r1	G	write
1221147	r0	D	read
1222211	r3	B	read
1222627	r0	F	read
1222941	r1	G	read
1224168	r0	D	read
1224855	r3	B	read
1224877	r1	I	read
1225702	r3	C	read
1226144	r0	D	read
1226410	r1	I	read
1226923	r3	C	write
1227333	r0	F	read
1227646	r1	I	read
1228643	r0	E	write
1229189	r1	G	read
1229420	r3	C	read
1230243	r0	F	write
1230862	r1	I	read
1231492	r3	C	read
1232406	r1	H	read
1232627	r0	F	write
1233303	r3	C	write
1233955	r0	E	write
1235142	r1	I	read
1235190	r3	B	write
1235511	r0	D	write
1236474	r3	A	write
1237136	r1	H	read
1237184	r0	D	write
1238081	r0	D	read
1238258	r3	B	read
1238882	r1	H	read
1240314	r0	E	read
1240447	r1	H	write
1241375	r1	H	read
1241692	r3	A	read
1241759	r0	D	read
1243035	r0	E	write
1243194	r1	G	read
1243302	r3	B	write
1244705	r0	D	read
1244770	r3	B	read
1245121	r1	G	read
1246379	r0	E	read
1246659	r3	A	read
1247804	r1	H	write
1248524	r3	B	read
1248918	r0	D	read
1249645	r1	I	write
1250558	r3	A	read
1251046	r0	E	write
1251246	r1	H	read
1252329	r3	A	read
1253221	r1	G	write
1253270	r0	E	write
1253623	r3	A	write
1254077	r0	F	write
1254857	r1	H	write
1256215	r3	A	read
1256380	r0	D	write
1256923	r1	H	read
1257401	r3	B	read
1258408	r0	D	write
1258956	r1	G	write
1259768	r3	C	write
1259929	r1	H	write
1260123	r0	F	read
1261317	r3	B	read
1262387	r1	I	read
1262742	r0	F	read
1263658	r3	B	read
1263999	r0	E	read
1264469	r1	I	read
1265316	r3	C	write
1265889	r0	E	read
1266342	r3	C	write
1266811	r1	G	read
1268382	r0	D	read
1268790	r3	C	read
1269034	r1	I	read
1270331	r0	F	read
1270646	r1	I	read
1270979	r3	C	read
1271076	r0	D	write
1272054	r3	B	write
1272488	r1	I	read
1273909	r0	D	write
1274295	r3	C	write
1275001	r1	H	write
1275454	r0	D	write
1276076	r3	B	write
1276598	r0	E	read
1277291	r3	A	read
1277679	r1	I	write
1278294	r0	E	read
1278908	r3	C	write
1279696	r1	H	read
1280542	r0	F	write
1280812	r3	A	read
1281019	r1	I	write
1281735	r0	F	write
1282369	r3	B	write
1282847	r1	G	write
1283810	r3	B	read
1284275	r0	E	write
1285073	r3	A	write
1285594	r1	I	write
1286020	r0	D	read
1287562	r3	C	write
1287923	r1	I	write
1288824	r0	F	write
1289619	r3	B	read
1289939	r0	F	write
1289995	r1	I	write
1291030	r1	H	read
1291069	r3	C	write
1291904	r0	E	write
1292722	r1	H	write
1293097	r3	C	read
1294124	r0	E	read
1294197	r1	H	read
1294880	r3	B	read
1295539	r1	G	read
1295677	r0	D	write
1296433	r3	C	write
1297068	r1	G	read
1297152	r0	F	write
1298859	r1	G	read
1298953	r3	C	write
1300105	r0	F	read
1300260	r3	C	read
1300634	r1	G	write
1301805	r1	H	read
1302076	r0	D	write
1302110	r3	A	read
1303382	r3	B	read
1303800	r0	F	write
1303934	r1	G	read
1306039	r3	A	read
1306238	r1	G	write
1306336	r0	F	read
1307408	r3	B	read
1308546	r0	E	write
1308884	r3	B	read
1309553	r1	H	write
1310857	r3	C	read
1311051	r0	F	write
1311203	r1	I	write
1312432	r1	G	write
1312560	r3	B	write
1314004	r3	B	write
1314062	r0	E	write
1314758	r1	I	write
1316267	r3	C	read
1316573	r0	F	read
1316660	r1	G	write
1318098	r3	A	write
1318579	r1	H	write
1318675	r0	D	read
1319402	r3	C	write
1320348	r1	G	write
1321221	r0	D	write
1321267	r3	C	read
1321867	r1	G	read
1322359	r0	D	write
1323554	r3	A	read
1323857	r1	I	read
1323997	r0	D	read
1325113	r1	G	write
1325292	r3	A	read
1325646	r0	F	read
1326078	r1	H	write
1327619	r3	B	read
1327746	r1	H	read
1328017	r0	D	read
1329552	r3	B	write
1329639	r0	F	write
1330041	r1	H	read
1330736	r0	F	write
1331416	r1	G	read
1331688	r3	C	write
1332490	r0	E	write
1333319	r1	G	read
1333461	r0	D	read
1333497	r3	C	write
1334935	r3	A	read
1334951	r1	G	write
1335002	r0	F	write
1336123	r1	G	write
1336794	r3	B	read
1337562	r0	D	write
1338028	r3	A	read
1338177	r1	H	read
1338872	r0	E	read
1339697	r3	B	read
1339828	r1	H	write
1340464	r0	E	write
1341697	r1	I	write
1341983	r3	B	write
1342600	r0	E	write
1343054	r1	G	read
1343842	r3	B	write
1344078	r0	F	write
1345139	r3	C	read
1345417	r1	H	write
1345674	r0	E	write
1346994	r3	A	read
1347073	r1	I	write
1347771	r0	D	read
1348190	r1	I	write
1348576	r3	C	write
1349227	r0	F	read
1349378	r1	I	read
1349495	r3	C	read
1351596	r1	H	read
1351730	r3	A	read
1351806	r0	E	read
1353143	r1	G	write
1353765	r3	A	read
1354284	r0	E	read
1355204	r1	H	write
1355388	r0	D	read
1355467	r3	A	write
1356770	r1	H	read
1356865	r0	F	write
1357193	r3	B	read
1358382	r1	I	write
1358797	r0	F	read
1359059	r3	B	read
1360481	r1	H	read
1360680	r0	E	read
1361214	r3	A	write
1361522	r1	I	write
1361798	r0	E	read
1363059	r3	B	write
1363113	r1	I	write
1363458	r0	D	read
1365147	r1	H	read
1365475	r3	C	read
1365546	r0	F	read
1366578	r1	H	read
1367738	r0	F	write
1367780	r1	H	read
1367821	r3	A	read
1368468	r3	A	write
1369719	r3	B	write
1369754	r1	H	read
1370315	r0	F	write
1370929	r3	A	write
1371861	r3	C	write
1371978	r1	G	read
1371980	r0	E	read
1373762	r0	F	read
1373852	r3	C	read
1374103	r1	G	write
1374798	r3	A	read
1374918	r0	D	read
1375629	r1	I	read
1376842	r0	F	read
1377479	r3	A	read
1378045	r1	G	read
1378777	r0	E	read
1379030	r3	C	read
1379564	r1	G	read
1380395	r3	B	write
1380442	r0	F	write
1381098	r1	H	read
1381963	r0	F	read
1382201	r3	C	write
1382946	r1	I	write
1383067	r3	B	write
1383381	r0	D	read
1384815	r3	B	read
1384856	r0	E	write
1385260	r1	G	write
1385927	r0	D	read
1386065	r1	H	write
1386455	r3	A	write
1388527	r0	E	write
1388716	r3	B	write
1388741	r1	H	write
1389731	r0	E	read
1390311	r1	G	read
1390452	r3	A	write
1391414	r0	F	write
1392274	r1	H	read
1392525	r3	B	write
1392965	r0	F	write
1393937	r3	C	write
1394748	r0	D	write
1395014	r1	G	read
1395205	r3	A	write
1395834	r1	I	read
1396432	r0	E	write
1397205	r3	C	write
1397501	r1	H	read
1397730	r0	D	read
1398831	r3	B	read
1399381	r1	I	read
1400328	r0	F	write
1400552	r3	C	read
1401546	r1	H	read
1401934	r0	F	write
1402057	r3	C	read
1403472	r1	H	read
1404141	r3	C	read
1404190	r0	D	read
1404957	r1	H	read
1405526	r0	E	read
1405933	r3	B	read
1406022	r1	I	read
1407672	r1	G	read
1407839	r3	B	read
1407925	r0	E	write
1409127	r3	B	write
1409437	r0	D	read
1410295	r1	G	write
1411041	r3	C	read
1411067	r0	D	read
1411964	r0	E	read
1412664	r3	B	read
1413073	r1	H	read
1413534	r0	E	read
1414526	r0	F	write
1415232	r1	G	read
1415526	r3	C	read
1416498	r0	E	write
1416977	r1	H	read
1418232	r0	F	write
1418518	r3	B	read
1419220	r1	I	read
1419398	r0	E	read
1420509	r1	H	read
1420900	r3	C	read
1422072	r0	D	read
1422599	r3	C	write
1422842	r0	E	write
1423616	r1	I	read
1424375	r1	H	write
1424479	r0	D	read
1424731	r3	C	read
1426181	r1	I	read
1426500	r0	E	read
1427113	r3	C	write
1427550	r1	H	write
1428076	r0	D	write
1428081	r3	A	write
1429182	r1	H	read
1429568	r0	D	read
1430106	r3	C	read
1430762	r1	H	write
1431209	r0	D	write
1432185	r3	A	read
1433038	r1	H	write
1433501	r0	F	read
1434043	r3	A	read
1434586	r1	I	read
1435279	r0	F	read
1436170	r3	B	write
1436572	r1	I	read
1437083	r0	E	write
1437203	r1	G	read
1438215	r3	A	read
1438483	r0	D	read
1438774	r1	I	read
1439885	r3	C	write
1440660	r1	H	write
1440818	r0	F	read
1441841	r3	B	write
1442308	r0	D	write
1442484	r1	H	write
1443121	r3	A	write
1443399	r1	I	read
1444115	r0	F	read
1444816	r3	C	write
1445118	r1	H	write
1446674	r1	I	read
1446863	r0	F	write
1446922	r3	B	read
1448236	r0	D	write
1448756	r3	B	read
1449000	r1	G	read
1449853	r3	A	read
1450460	r0	E	read
1450800	r1	H	read
1451959	r1	G	read
1452136	r3	B	read
1452854	r0	F	write
1453780	r3	A	write
1453873	r1	H	write
1454005	r0	E	write
1455238	r3	C	write
1455722	r1	G	read
1455912	r0	D	read
1457123	r1	G	read
1457260	r3	A	write
1457329	r0	E	read
1458482	r1	I	write
1459070	r0	D	write
1459099	r3	A	read
1460366	r1	G	write
1460457	r3	A	read
1460776	r0	D	read
1461285	r3	B	write
1461842	r1	H	write
1462525	r0	D	read
1462596	r3	C	write
1463654	r1	I	write
1464569	r0	E	write
1464691	r3	A	write
1465863	r1	G	write
1466835	r0	F	write
1466856	r3	C	write
1468416	r1	I	read
1468758	r0	F	read
1468769	r3	A	read
1469946	r1	H	write
1470288	r0	F	read
1470416	r3	C	read
1471478	r0	E	read
1471808	r1	G	write
1472305	r3	B	write
1472960	r0	D	read
1473934	r3	C	write
1474106	r0	E	read
1474340	r1	H	write
1476154	r1	G	read
1476543	r3	B	read
1476819	r0	F	read
1477496	r1	I	read
1478287	r3	B	read
1478348	r0	E	read
1479698	r1	I	read
1480104	r0	D	read
1481132	r3	A	read
1481242	r1	G	read
1481532	r0	F	read
1483173	r3	B	read
1483421	r1	H	read
1483812	r0	D	read
1484778	r1	I	write
1484913	r3	B	write
1485200	r0	D	read
1487056	r0	E	read
1487138	r1	H	write
1487689	r3	B	write
1488765	r0	D	read
1489038	r1	H	write
1489085	r3	B	read
1490508	r0	D	write
1491135	r1	G	read
1491385	r3	A	read
1492739	r1	H	read
1493446	r3	A	read
1493761	r1	H	read
1494073	r0	F	write
1495178	r1	H	read
1495454	r0	E	read
1495678	r3	A	write
1497128	r1	I	read
1497192	r1	I	write
1497366	r0	F	read
1497909	r3	C	write
1498337	r1	H	read
1498955	r0	E	read
1499349	r3	A	write
1500315	r0	F	read
1500357	r1	I	read
1501188	r3	C	read
1502202	r3	B	read
1502256	r1	H	read
1502629	r0	D	read
1503716	r3	B	write
1503930	r1	I	write
1504884	r0	D	read
1505614	r3	C	read
1505678	r1	I	write
1507228	r0	E	read
1507558	r3	A	read
1508110	r1	I	write
1508732	r0	F	read
1508873	r1	G	read
1509391	r0	D	read
1509683	r3	A	read
1510123	r1	G	write
1510694	r0	F	write
1511562	r3	A	read
1512257	r1	G	read
1512517	r0	E	read
1512955	r3	B	read
1514023	r0	E	write
1514591	r1	H	read
1514609	r3	C	write
1515004	r0	D	read
1516031	r3	B	read
1516227	r1	G	read
1516566	r0	D	write
1517441	r1	H	read
1517797	r3	B	write
1518816	r0	E	write
1519033	r1	G	write
1520267	r0	E	write
1520269	r1	H	read
1520271	r3	C	read
1522428	r3	A	write
1522555	r0	E	read
1522754	r1	G	write
1523830	r3	C	read
1524007	r1	G	write
1524133	r0	D	read
1525257	r3	B	read
1525806	r1	I	write
1526555	r3	A	read
1526680	r0	D	read
1527991	r3	A	write
1528359	r1	G	read
1529638	r0	D	write
1529876	r3	B	read
1530205	r1	G	read
1530875	r0	E	write
1532412	r1	G	read
1532425	r3	C	read
1532896	r0	F	write
1533595	r3	A	read
1533697	r1	H	write
1534275	r0	F	write
1535522	r1	G	read
1535844	r3	B	write
1536015	r0	D	write
1537516	r1	I	write
1537688	r0	D	write
1537902	r0	D	read
1538685	r3	A	read
1539315	r3	A	read
1539439	r1	G	read
1539820	r0	F	read
1540874	r1	H	read
1541372	r3	C	read
1542276	r1	H	read
1542478	r0	F	read
1543407	r3	C	read
1544163	r0	F	write
1544746	r1	I	write
1545030	r3	C	write
1546114	r1	I	read
1546370	r3	B	write
1546731	r0	D	write
1547989	r1	G	write
1548695	r0	F	write
1548847	r3	C	write
1550562	r3	A	read
1550570	r1	H	read
1551375	r0	F	write
1552081	r3	C	write
1553161	r1	G	read
1553466	r0	F	read
1553694	r3	C	read
1554740	r3	B	read
1554776	r1	I	read
1555055	r0	E	read
1556262	r1	H	write
1556541	r0	D	read
1556603	r3	C	write
1558052	r0	D	read
1558101	r1	G	write
1558790	r3	A	read
1559826	r0	D	write
1560626	r1	I	read
1561466	r0	F	write
1561793	r3	A	read
1562731	r3	B	read
1562845	r1	I	read
1563317	r0	E	read
1564504	r3	B	read
1564563	r1	I	write
1564814	r0	E	write
1565677	r1	I	read
1566740	r3	B	read
1566895	r0	E	write
1567296	r0	D	write
1567808	r3	B	write
1567853	r1	G	read
1569064	r1	H	write
1569428	r0	D	write
1570045	r3	C	read
1570368	r1	H	read
1571566	r1	H	write
1572261	r0	D	read
1572592	r3	A	read
1573012	r1	G	write
1573683	r3	C	read
1574276	r0	D	write
1574779	r3	B	read
1575506	r1	I	read
1576078	r0	E	read
1577076	r3	C	read
1577507	r1	G	write
1578539	r0	E	read
1578884	r1	I	write
1579493	r3	B	write
1580864	r0	E	write
1581073	r3	A	write
1581150	r1	I	read
1582309	r3	A	read
1583234	r0	D	write
1583285	r1	G	write
1583807	r3	A	write
1584942	r0	F	write
1585214	r1	G	read
1585473	r3	B	read
1586711	r1	G	write
1586790	r0	F	read
1587064	r3	B	read
1588400	r1	I	read
1588483	r0	F	read
1588948	r3	B	read
1589485	r3	B	write
1589910	r0	E	write
1590182	r1	I	write
1591118	r3	B	read
1591691	r0	F	write
1592024	r3	B	write
1592591	r0	E	write
1593510	r1	I	write
1593723	r3	A	write
1594117	r0	E	read
1595479	r1	I	read
1595936	r3	C	write
1596302	r0	F	read
1596984	r1	H	read
1598121	r3	C	read
1598817	r0	E	read
1598955	r1	G	write
1599506	r3	A	write
1600184	r1	H	read
1601183	r0	E	write
1601186	r3	C	read
1601900	r1	G	read
1602484	r3	C	read
1603412	r0	E	write
1603825	r1	H	write
1605106	r3	B	write
1605692	r0	E	write
1605709	r1	I	read
1606087	r3	C	read
1607722	r0	D	read
1608223	r1	G	read
1608337	r0	E	read
1608667	r3	B	read
1610216	r1	I	read
1610453	r3	C	write
1610586	r0	D	read
1611327	r0	D	write
1611846	r1	H	read
1612342	r3	B	read
1612844	r0	F	write
1613306	r1	I	read
1613627	r3	B	read
1614764	r0	E	read
1615079	r1	H	read
1616228	r3	C	read
1617320	r1	H	read
1617570	r0	F	write
1619037	r3	C	read
1619433	r1	H	read
1619688	r3	C	write
1619855	r0	D	read
1620476	r1	G	write
1621244	r1	I	read
1621415	r0	D	write
1622145	r3	B	read
1622305	r1	H	read
1623028	r0	F	read
1623702	r1	I	write
1623954	r3	C	write
1625025	r0	F	read
1625970	r0	E	write
1625992	r3	A	read
1626275	r1	G	read
1627900	r0	D	read
1628080	r3	B	write
1628218	r1	G	write
1629183	r1	I	read
1629374	r0	F	write
1630665	r3	B	write
1630967	r0	F	write
1631685	r3	B	write
1632122	r1	G	read
1632764	r3	A	write
1633172	r1	G	read
1633272	r0	F	read
1634453	r3	B	read
1635182	r1	I	write
1635324	r0	D	write
1635941	r3	B	read
1636579	r1	I	read
1637108	r0	F	read
1638388	r3	C	read
1638468	r1	H	read
1639202	r0	F	read
1639776	r3	C	write
1640376	r1	I	read
1641478	r1	G	write
1641768	r3	A	read
1641930	r0	E	write
1643084	r1	I	read
1643567	r0	F	read
1643880	r3	B	read
1644692	r0	E	write
1645379	r3	C	read
1646281	r1	H	read
1646483	r0	F	read
1647688	r3	A	write
1648078	r1	I	read
1648262	r0	F	write
1648934	r0	E	write
1649318	r3	A	write
1649497	r1	G	read
1650789	r0	F	read
1650823	r3	C	read
1651696	r1	G	write
1652102	r3	B	write
1652309	r0	D	read
1653876	r3	A	read
1653921	r1	G	read
1654102	r0	F	read
1655525	r3	A	read
1655677	r1	G	write
1656052	r0	F	write
1657491	r3	A	write
1657932	r0	E	read
1658022	r1	H	read
1658439	r3	C	read
1658897	r3	B	write
1659990	r0	D	write
1660233	r1	H	read
1660681	r3	C	write
1661858	r1	G	write
1661974	r3	B	write
1661977	r0	F	read
1663122	r1	H	write
1663783	r0	F	read
1664553	r3	A	read
1664848	r1	H	read
1665115	r0	F	read
1665130	r3	B	write
1666319	r3	C	write
1666698	r1	H	read
1667078	r0	F	write
1667367	r3	C	write
1667875	r1	I	read
1668625	r3	C	write
1669085	r0	E	read
1670208	r1	G	write
1670624	r3	B	write
1670694	r0	F	write
1671853	r1	G	read
1672450	r3	A	read
1673033	r0	D	read
1673699	r1	I	read
1674099	r3	C	write
1674660	r1	I	write
1675330	r0	E	read
1675672	r3	C	read
1677298	r1	H	write
1677826	r3	A	read
1678151	r0	F	read
1679129	r1	H	write
1679333	r3	A	write
1680208	r0	F	read
1681269	r1	H	read
1681326	r0	E	read
1681539	r3	A	write
1682743	r1	I	read
1683175	r0	D	read
1683523	r3	A	write
1684551	r3	B	write
1684669	r1	H	read
1684806	r0	D	write
1686518	r0	F	write
1686688	r3	A	write
1686948	r1	H	read
1687350	r0	D	read
1688108	r0	E	write
1688364	r3	C	read
1688771	r1	G	read
1689986	r0	E	write
1690549	r3	A	write
1690822	r1	H	read
1691772	r3	B	write
1691816	r0	F	write
1692758	r1	G	write
1693172	r0	E	write
1693405	r3	B	read
1694613	r0	F	read
1694807	r1	I	read
1695665	r3	A	write
1696151	r1	G	read
1696157	r0	F	read
1697627	r3	A	write
1698513	r0	E	write
1698779	r1	G	read
1699620	r3	A	read
1700734	r0	E	read
1700873	r1	I	write
1701533	r3	B	read
1702237	r0	D	write
1702490	r1	I	read
1703156	r3	C	write
1704178	r0	F	read
1704502	r3	A	write
1704560	r1	H	write
1706032	r0	F	read
1706413	r1	H	read
1706906	r3	C	write
1707671	r3	A	read
1708387	r0	E	read
1708625	r1	G	read
1709584	r3	C	write
1710688	r1	H	write
1710719	r3	A	read
1711060	r0	D	read
1712543	r1	H	write
1713293	r3	C	read
1713359	r0	E	write
1714548	r1	G	write
1715163	r0	D	read
1715455	r3	A	read
1716073	r1	H	read
1716949	r0	F	write
1718104	r1	I	read
1718152	r3	B	write
1718784	r0	F	read
1719171	r3	B	read
1719734	r1	G	write
1720097	r3	C	read
1720434	r0	E	read
1721347	r3	B	write
1721641	r1	I	read
1722183	r0	E	read
1723545	r3	A	write
1723908	r1	I	read
1724025	r0	F	read
1725749	r3	B	read
1725866	r1	I	write
1726471	r0	D	write
1727589	r3	A	write
1727597	r1	G	read
1727653	r0	E	read
1729253	r3	B	write
1729264	r0	F	write
1729281	r1	G	write
1730319	r3	A	read
1731085	r1	I	read
1731695	r3	B	read
1731750	r0	D	write
1733269	r1	I	read
1733887	r3	B	write
1734623	r0	F	read
1734738	r1	I	read
1736396	r3	B	read
1736612	r1	I	write
1737000	r0	F	write
1738177	r0	F	write
1739230	r1	G	read
1739236	r3	A	write
1740569	r0	D	read
1741332	r1	H	read
1741890	r3	C	write
1741939	r0	F	read
1743299	r1	H	read
1743558	r3	A	write
1743845	r0	F	write
1745161	r1	G	read
1745658	r3	A	read
1746118	r0	E	write
1746900	r1	I	read
1747084	r3	B	write
1747668	r0	D	read
1748085	r0	F	write
1748938	r1	G	read
1749093	r3	B	read
1750388	r0	F	read
1750448	r3	B	read
1751405	r1	I	read
1751655	r3	C	write
1752282	r0	F	read
1753363	r1	I	read
1753484	r3	C	write
1755017	r0	E	write
1755379	r1	H	read
1755903	r3	C	write
1756498	r1	G	write
1757162	r0	F	write
1757798	r3	A	read
1757866	r1	I	write
1758041	r0	F	read
1759415	r1	I	read
1759685	r3	A	read
1759782	r0	F	write
1761216	r3	C	write
1761490	r1	I	read
1762264	r0	E	read
1763414	r1	H	write
1763605	r3	C	read
1764734	r3	C	write
1764747	r0	D	read
1765225	r1	H	read
1766796	r3	B	read
1767425	r0	E	read
1767940	r3	A	read
1768659	r1	H	read
1769344	r0	F	read
1769900	r3	C	write
1770632	r1	G	write
1771651	r3	B	read
1771929	r0	D	write
1772693	r1	I	write
1773490	r3	C	read
1773924	r0	F	read
1774385	r1	I	read
1774974	r0	D	write
1775795	r3	C	write
1776298	r1	I	read
1777387	r0	D	write
1777994	r3	B	read
1778599	r1	G	write
1779646	r0	E	write
1780782	r1	H	write
1780813	r0	F	read
1782572	r1	H	write
1782930	r0	D	write
1784355	r1	I	write
1785171	r0	F	write
1785408	r1	G	write
1787026	r1	I	write
1787760	r0	F	read
1788725	r1	H	read
1790041	r0	E	write
1790420	r1	I	read
1791748	r0	E	read
1791998	r1	I	read
1793386	r0	F	read
1796063	r0	D	read
1797058	r0	D	read
1798821	r0	D	read
1800018	r0	F	read
1801947	r0	D	read
1803662	r0	F	read
1805310	r0	E	read
1807042	r0	F	read
1809393	r0	D	write
