1726	r1	H	read
3437	r2	B	read
5573	r2	G	write
7429	r4	G	read
9948	r0	G	read
12813	r0	G	write
14144	r0	G	read
16392	r1	A	read
18524	r1	A	read
20568	r1	A	read
22761	r2	A	read
25288	r2	A	write
27105	r0	A	write
29034	r0	A	write
30445	r0	G	write
32347	r4	G	read
34383	r4	G	read
36254	r4	G	write
38103	r4	G	read
39843	r1	G	write
41927	r4	G	read
43445	r4	H	read
45357	r1	J	write
46537	r1	H	write
48844	r4	H	read
50946	r4	I	read
52897	r1	I	read
55316	r1	C	read
56801	r3	J	write
58405	r0	J	read
61012	r0	J	write
63697	r1	J	read
64687	r1	D	read
66657	r0	D	read
68387	r0	D	read
70568	r4	D	write
73258	r1	E	read
74613	r1	I	read
75274	r1	I	read
77672	r1	I	read
79469	r1	I	read
81093	r0	I	read
82917	r3	I	read
84974	r3	I	read
86694	r3	C	write
88124	r1	C	write
90241	r1	C	write
92198	r4	C	read
94741	r3	G	write
96481	r0	E	read
97637	r0	F	write
98938	r2	A	write
100478	r2	A	read
101975	r4	A	read
104117	r0	A	write
105333	r0	A	read
107133	r0	A	read
109171	r4	A	write
111364	r2	A	write
112182	r2	A	read
114038	r2	I	read
115599	r2	A	read
116915	r3	A	write
119617	r3	J	read
121808	r1	J	read
123514	r1	J	read
125290	r4	J	write
127893	r4	J	read
129457	r4	J	read
130863	r4	J	read
133035	r4	J	read
135218	r4	C	read
136363	r4	F	write
137803	r0	F	read
139120	r0	B	read
141733	r0	B	read
142913	r3	B	read
145082	r4	B	read
146598	r4	D	write
148542	r4	D	write
149307	r4	D	read
150399	r4	D	write
151807	r4	D	read
153669	r0	C	read
155198	r0	C	read
156928	r0	C	read
157754	r0	C	write
160088	r2	C	write
162398	r2	C	read
164044	r2	E	read
165590	r3	D	read
167563	r2	F	read
169106	r2	F	write
171149	r0	E	write
172512	r0	E	write
174912	r1	B	read
176381	r1	G	write
178040	r4	G	read
180277	r4	G	write
182148	r2	G	read
184088	r4	G	read
184900	r4	G	read
187257	r3	G	write
188285	r3	G	write
189967	r3	G	write
192690	r3	G	read
194771	r3	G	read
196311	r0	G	read
198692	r4	H	read
199948	r4	H	read
201808	r4	H	read
203389	r4	H	write
204801	r0	B	read
207298	r1	B	write
209715	r0	C	read
211423	r4	C	write
213946	r4	C	read
216481	r0	C	read
218507	r3	B	read
219841	r3	H	read
221733	r3	H	write
223178	r3	H	read
224900	r2	B	read
225459	r1	B	read
227352	r1	B	write
229948	r1	B	write
231175	r1	B	read
233266	r2	B	read
235002	r2	B	read
237058	r0	B	read
238857	r0	B	write
240881	r0	A	write
241950	r3	A	read
243887	r1	A	read
245973	r4	A	read
247415	r4	A	write
248707	r4	A	read
250855	r1	A	read
252676	r1	A	write
254131	r4	A	read
256283	r3	A	read
258626	r4	A	write
260017	r4	F	read
261794	r4	F	write
263445	r4	F	write
266137	r2	F	read
268315	r2	F	read
270626	r3	F	read
272450	r3	F	read
274099	r3	F	read
276487	r3	F	read
278426	r3	F	read
280059	r3	F	write
281614	r3	F	write
283088	r3	F	read
285193	r2	F	write
286981	r3	F	read
288234	r3	I	read
289831	r3	I	read
291834	r4	I	read
293876	r1	H	write
295527	r2	H	read
296981	r2	D	read
298368	r2	D	write
299771	r3	D	write
302928	r2	D	write
304521	r2	D	read
307214	r2	D	write
308247	r2	D	read
309248	r1	D	read
311478	r1	D	write
313748	r1	D	write
315537	r4	J	write
316871	r4	J	write
318068	r2	J	read
320544	r2	J	write
322634	r4	J	write
324669	r3	J	read
326233	r3	J	read
328186	r1	J	write
330489	r2	E	read
332111	r1	E	write
334055	r1	E	read
335670	r0	E	read
337087	r4	B	read
338260	r3	C	write
339922	r4	B	read
341976	r2	A	write
343810	r0	A	read
346061	r0	A	read
348330	r4	A	read
350513	r4	F	read
352080	r0	F	read
353332	r0	F	read
355761	r0	H	write
357539	r0	H	read
358987	r0	H	read
360897	r0	H	read
362865	r1	H	write
364576	r1	H	read
366720	r1	H	write
368852	r1	H	read
370825	r4	H	write
373353	r4	H	write
375447	r3	H	read
376605	r2	H	read
379438	r2	F	read
381277	r1	F	read
382919	r0	G	read
383846	r0	G	read
385521	r2	H	read
388170	r1	H	read
389858	r2	H	read
391992	r1	H	read
394255	r4	A	write
395251	r4	A	write
396830	r1	A	read
398755	r1	I	read
400025	r1	I	read
401494	r3	E	write
402811	r3	B	read
405280	r3	B	read
407165	r3	B	write
408373	r3	B	write
409968	r1	B	read
411558	r3	B	read
414263	r4	B	read
416401	r4	B	write
418645	r4	B	read
420104	r0	J	read
421769	r1	J	read
422977	r2	D	read
424039	r0	D	read
425317	r0	D	write
426778	r2	D	write
429164	r2	D	read
430316	r2	D	write
432750	r2	D	read
434235	r0	D	read
436405	r1	D	read
438332	r2	D	read
439168	r4	D	write
441246	r4	E	read
443519	r4	E	read
445526	r4	E	write
446788	r1	E	write
448963	r2	E	write
449922	r4	E	read
451755	r1	E	read
453147	r1	A	read
455094	r4	A	read
458539	r1	A	write
460853	r0	I	read
463266	r0	C	read
465576	r0	J	read
467533	r3	B	read
469047	r3	J	read
470596	r3	J	read
471950	r3	A	write
474116	r3	A	write
475873	r2	A	read
477214	r2	A	read
479083	r2	B	read
480711	r4	B	write
482133	r1	B	write
483828	r2	B	write
486027	r2	B	write
487515	r2	B	read
488553	r2	G	read
489781	r2	G	read
492578	r2	J	write
494650	r3	J	write
495907	r2	J	read
496564	r4	J	read
497727	r4	J	write
499240	r4	J	read
501040	r4	J	read
503091	r1	J	read
505406	r4	J	write
506907	r2	J	read
508599	r2	J	write
510552	r2	J	read
512600	r4	E	read
514636	r4	E	read
515699	r4	E	write
519383	r3	E	read
520982	r3	E	read
522356	r3	E	read
524365	r1	E	read
526372	r1	E	read
527743	r2	E	read
529056	r4	G	write
530078	r4	A	read
531273	r4	A	read
532686	r3	A	write
534025	r0	E	read
536024	r0	E	write
538494	r2	E	read
539898	r1	E	read
541782	r1	C	read
543248	r1	C	read
545850	r4	C	write
547753	r1	C	read
550019	r1	C	read
552429	r1	C	read
553673	r3	F	write
555187	r4	F	write
558499	r4	F	read
559697	r0	F	read
561462	r0	F	read
563030	r0	D	write
564631	r0	I	read
565771	r0	I	write
566300	r2	I	write
568210	r2	F	read
569346	r3	J	read
571587	r2	J	write
573439	r2	J	read
575464	r2	J	read
577530	r4	J	read
579442	r4	J	read
580431	r4	I	read
582146	r4	I	write
584284	r0	I	read
587022	r0	C	write
588704	r0	F	read
589348	r3	F	read
590862	r3	F	read
591965	r4	E	write
594186	r4	E	read
596398	r4	E	read
599451	r4	E	write
601522	r3	E	read
603157	r3	E	write
605006	r4	J	read
606757	r4	J	read
608645	r1	B	write
610679	r1	B	read
613154	r1	H	read
614096	r2	C	read
615925	r2	G	write
616454	r0	G	read
617166	r0	J	read
618948	r1	G	read
620189	r1	G	read
622315	r1	G	read
623360	r3	E	read
625422	r1	E	read
627409	r3	E	read
629859	r3	F	write
631573	r3	F	read
632866	r4	F	read
634784	r4	F	write
636531	r4	F	read
639092	r4	F	read
640077	r4	E	read
641826	r0	H	read
643266	r0	D	read
645825	r4	D	write
647309	r0	A	read
649062	r0	C	write
650707	r3	I	write
652217	r3	I	read
654644	r1	J	write
657054	r1	J	write
658475	r1	J	read
660569	r1	J	read
662770	r1	J	read
665210	r0	F	write
666878	r3	C	read
667846	r4	C	read
669018	r4	C	write
672016	r3	C	read
673931	r4	C	write
675268	r2	C	read
677498	r2	C	write
678933	r0	J	read
681117	r2	J	write
682170	r4	J	read
683973	r3	G	read
686327	r0	G	write
687807	r0	G	write
689700	r3	G	read
692296	r3	G	read
694743	r2	J	read
696569	r2	J	write
698549	r0	J	write
700492	r0	J	read
700862	r0	J	read
702043	r0	D	read
703909	r2	D	write
705733	r2	F	read
707780	r2	A	write
710580	r2	J	read
713041	r2	J	read
714677	r0	J	read
716842	r4	J	read
718363	r1	J	read
720314	r1	C	write
720848	r1	C	read
722326	r3	C	write
723445	r0	C	read
725215	r1	C	read
726569	r0	C	read
728270	r3	C	read
730134	r3	J	write
732594	r1	C	read
734302	r2	C	read
736447	r2	C	read
738428	r1	C	read
739554	r1	C	write
740720	r2	C	read
742000	r3	C	read
745017	r3	C	read
747314	r3	C	read
749546	r3	C	read
751143	r3	C	read
753703	r2	C	write
756902	r2	C	write
759403	r2	C	read
761706	r4	C	read
763118	r3	C	read
764940	r1	C	read
765410	r1	C	read
767305	r1	A	read
768429	r4	D	read
770386	r4	D	read
772752	r4	I	read
774416	r0	F	write
775940	r0	G	read
778434	r3	G	write
780362	r3	G	read
782995	r1	G	read
785414	r1	G	read
786692	r1	G	write
788053	r3	B	read
789741	r3	B	read
791847	r2	B	read
794298	r1	B	read
796097	r0	B	write
797298	r0	B	read
799077	r1	B	read
800778	r2	B	write
803206	r0	B	write
804367	r3	B	write
806873	r4	B	read
809232	r4	B	write
811029	r3	B	read
812652	r0	C	read
813749	r3	C	write
815450	r3	C	read
817641	r3	C	write
819619	r2	C	write
821221	r2	C	read
822539	r2	F	read
824627	r2	F	read
827310	r2	F	read
829123	r3	D	read
830811	r3	D	read
833565	r3	A	write
835109	r3	J	read
836975	r2	I	read
838555	r2	D	read
840034	r3	D	read
841563	r3	H	write
843402	r3	A	read
845173	r3	H	write
846736	r4	E	read
848211	r4	D	write
849564	r0	D	read
850382	r2	F	read
853058	r2	F	write
854621	r2	F	read
856057	r4	F	read
858314	r4	F	write
860505	r3	F	read
861949	r3	A	read
862956	r0	A	read
864338	r0	F	read
865701	r0	F	read
867727	r0	F	write
868933	r3	F	write
870936	r3	F	read
872813	r3	H	write
875265	r3	H	read
878150	r4	I	write
880863	r2	I	read
882833	r2	I	read
884368	r3	I	read
886458	r4	E	read
888953	r4	E	write
891711	r4	E	write
893483	r4	E	read
895487	r4	E	read
896879	r4	E	read
898769	r4	E	read
899901	r4	J	write
901854	r1	D	write
904555	r3	D	write
905478	r2	F	read
908085	r4	F	read
909869	r4	F	read
911895	r2	F	write
913849	r1	F	write
915607	r0	F	read
916960	r1	F	read
917469	r1	B	read
918972	r1	B	read
921006	r0	B	read
922414	r4	E	read
924209	r4	A	write
925620	r3	A	read
927004	r3	B	write
928270	r4	B	read
930618	r2	B	read
932568	r3	C	read
934170	r2	D	read
937012	r1	B	write
938098	r1	B	write
939781	r1	B	write
941073	r2	J	write
942865	r4	J	write
946048	r2	H	write
947844	r4	I	write
949044	r2	I	write
951618	r3	I	read
953112	r3	I	read
954784	r0	E	read
956882	r3	E	write
958512	r2	E	write
960891	r2	E	read
961855	r1	B	write
963993	r4	B	write
964535	r2	D	write
966911	r2	D	write
969304	r3	D	write
971224	r2	J	read
973674	r3	J	write
975094	r1	A	read
977026	r1	A	read
978360	r2	A	read
980604	r0	A	read
981876	r1	A	write
984820	r1	G	read
986492	r4	A	read
988305	r2	A	write
990065	r3	A	read
992279	r3	G	read
994115	r1	I	read
996026	r1	I	read
997511	r1	I	read
999221	r2	G	read
1001424	r2	G	read
1003465	r2	G	read
1005654	r2	J	write
1007022	r2	J	read
1008633	r4	J	write
1010255	r1	J	read
1012774	r4	J	read
1014561	r4	J	read
1015355	r4	J	read
1017425	r2	J	write
1019811	r1	J	read
1021311	r1	J	read
1023510	r3	J	read
1025405	r3	G	write
1027287	r3	E	write
1029024	r4	J	read
1031010	r4	B	write
1032449	r4	B	write
1033949	r4	I	write
1035720	r0	I	write
1037521	r0	H	read
1039886	r1	H	read
1042140	r1	J	write
1044869	r2	F	write
1047129	r1	I	write
1048350	r4	I	read
1050539	r4	I	read
1052359	r4	I	read
1053405	r4	E	read
1055364	r4	E	read
1057090	r3	E	write
1059123	r3	E	read
1061435	r3	E	read
1063940	r3	E	read
1066136	r3	H	read
1067929	r2	E	write
1070365	r2	E	write
1071741	r0	C	write
1073567	r0	E	write
1075042	r0	E	read
1076568	r0	E	write
1079329	r4	E	write
1080811	r3	B	read
1082902	r3	B	read
1084511	r3	G	read
1085442	r3	H	read
1087260	r3	H	write
1088840	r0	H	read
1090215	r3	H	read
1092886	r3	D	read
1095161	r2	D	read
1097788	r2	D	write
1099378	r2	D	read
1101433	r3	D	read
1102736	r4	F	read
1105087	r4	F	read
1106690	r4	F	read
1107995	r4	F	read
1109582	r3	H	read
1111035	r0	B	read
1112494	r1	B	read
1114244	r1	H	write
1116432	r0	H	write
1117577	r2	J	read
1119148	r0	H	read
1121000	r4	I	read
1123030	r4	I	read
1125252	r1	I	read
1126300	r1	I	read
1128756	r4	D	read
1130804	r1	D	read
1131874	r1	D	read
1133893	r2	D	write
1135572	r2	D	read
1138126	r2	D	read
1139820	r1	D	read
1141967	r3	I	write
1143212	r1	J	read
1145137	r2	J	read
1147661	r2	E	read
1149882	r0	E	read
1151999	r0	H	write
1153687	r0	H	read
1155616	r0	H	read
1157437	r0	H	read
1158875	r0	B	read
1160505	r3	J	read
1161503	r3	J	read
1162297	r3	J	read
1164696	r3	E	read
1167638	r3	E	write
1169798	r2	E	read
1171070	r2	E	write
1173320	r2	J	write
1174857	r2	J	read
1176736	r2	J	write
1178305	r1	J	write
1179851	r1	J	write
1181539	r1	J	read
1183566	r1	J	read
1185900	r0	J	read
1186937	r2	H	write
1188497	r4	I	write
1191119	r4	I	read
1193115	r4	I	read
1194019	r4	I	read
1196207	r4	I	write
1198038	r4	I	write
1199171	r4	B	write
1200769	r0	B	read
1201980	r3	D	write
1204063	r0	D	read
1206508	r0	D	read
1208016	r0	B	read
1209285	r1	D	read
1211067	r1	D	write
1213511	r3	D	write
1214020	r3	D	write
1215328	r3	D	read
1218156	r3	D	write
1219811	r2	D	read
1221662	r2	A	read
1223613	r3	A	write
1224399	r3	A	write
1226521	r0	A	read
1228788	r2	A	read
1230501	r2	A	read
1232339	r2	A	read
1234357	r2	H	read
1236051	r2	H	read
1238184	r2	H	read
1240369	r2	H	write
1241294	r2	A	read
1243988	r2	A	write
1246174	r2	A	read
1247706	r2	C	write
1250105	r2	C	read
1251104	r0	C	read
1252773	r3	C	read
1254807	r3	C	read
1256160	r3	D	read
1257764	r3	D	read
1259451	r3	D	read
1260207	r2	D	write
1262412	r2	A	read
1264702	r3	A	read
1267041	r3	A	write
1268480	r4	A	read
1269683	r4	A	write
1271617	r4	F	read
1273954	r4	F	read
1276880	r1	D	read
1278979	r1	D	read
1281855	r1	D	read
1284121	r1	G	read
1285068	r1	G	read
1287383	r1	G	read
1288843	r1	B	read
1290423	r2	B	read
1291946	r2	B	read
1293396	r4	A	read
1295242	r2	G	read
1297025	r2	G	read
1299147	r2	A	read
1301974	r4	A	write
1303727	r2	H	read
1304871	r2	B	write
1306868	r2	A	read
1308559	r2	F	read
1310263	r2	F	write
1311694	r3	I	write
1312992	r3	I	write
1314715	r1	H	read
1316295	r1	G	write
1317868	r3	G	read
1319547	r2	I	read
1321073	r2	I	write
1323180	r2	I	read
1324816	r2	I	read
1327056	r2	I	read
1328970	r2	I	write
1331275	r4	A	read
1333564	r0	B	read
1335118	r0	B	write
1335906	r0	B	read
1336995	r0	A	read
1338425	r1	B	read
1340188	r1	B	read
1341457	r0	I	write
1342938	r0	F	read
1345343	r0	A	read
1346856	r0	A	write
1348914	r0	A	write
1350096	r0	A	read
1351792	r1	A	write
1353529	r2	A	read
1356294	r3	A	read
1358153	r3	A	write
1359804	r3	A	read
1362836	r3	C	read
1364416	r4	C	read
1366013	r4	C	read
1367104	r4	C	write
1368983	r4	C	read
1370900	r3	C	read
1373361	r3	C	read
1375944	r3	B	read
1377627	r3	F	read
1378732	r3	H	read
1380658	r0	F	read
1382786	r0	F	read
1384824	r4	E	write
1386985	r4	E	read
1388283	r4	E	read
1390310	r4	E	read
1391573	r4	A	read
1394257	r2	A	read
1395083	r2	A	read
1396792	r3	C	write
1397520	r3	C	write
1399594	r3	D	read
1401525	r3	D	read
1402189	r0	D	read
1403298	r0	B	read
1406066	r2	B	read
1408276	r3	B	read
1410082	r4	G	write
1412300	r4	G	read
1414022	r4	F	read
1416371	r4	F	read
1417997	r4	F	read
1420237	r4	I	write
1421716	r3	I	read
1423994	r1	C	read
1425424	r1	H	read
1427600	r2	G	write
1429675	r2	G	read
1430747	r1	G	read
1432447	r0	E	read
1434955	r2	E	write
1436786	r2	E	write
1438876	r2	E	read
1441374	r4	F	read
1442125	r4	F	read
1443969	r4	F	read
1445384	r4	F	write
1446420	r4	F	read
1448351	r4	G	read
1450928	r2	G	read
1452064	r4	A	write
1453182	r0	G	write
1455088	r0	F	write
1456956	r0	F	write
1458499	r0	H	read
1461024	r0	G	read
1463644	r2	G	read
1465999	r0	C	read
1466808	r3	C	read
1469610	r2	C	read
1471528	r2	C	read
1472985	r3	I	read
1474490	r1	F	write
1475947	r2	F	read
1477223	r1	F	read
1479080	r1	F	read
1480708	r1	A	read
1482098	r3	A	read
1485059	r2	H	read
1487434	r2	H	write
1489683	r0	H	read
1492486	r0	H	write
1495828	r0	H	read
1497522	r4	H	read
1498628	r4	H	write
1501113	r4	H	read
1502839	r4	I	write
1504533	r4	A	read
1506974	r1	A	read
1508858	r1	A	write
1510449	r4	A	read
1512824	r4	A	read
1514246	r3	A	write
1515154	r2	A	read
1517469	r2	A	read
1518986	r0	A	read
1520713	r0	A	read
1522386	r1	A	read
1524682	r3	A	read
1526915	r3	G	write
1529206	r4	G	write
1531652	r4	G	read
1533859	r1	G	read
1536211	r0	G	read
1537976	r0	G	read
1540952	r0	G	read
1543171	r2	B	read
1545149	r2	B	read
1547546	r3	B	read
1549546	r3	G	read
1551713	r4	G	write
1554534	r1	G	read
1556457	r1	G	read
1557690	r0	G	read
1559487	r2	G	read
1561409	r2	G	write
1564620	r2	E	read
1567052	r1	E	read
1569742	r0	J	write
1571236	r3	J	write
1573598	r3	J	read
1576794	r4	J	read
1578556	r4	C	write
1580230	r4	C	read
1581167	r4	C	read
1583011	r3	C	read
1584571	r0	C	read
1586150	r0	C	read
1587410	r0	B	read
1589218	r0	B	write
1590929	r4	B	write
1592276	r1	H	read
1594104	r1	H	read
1594871	r1	H	write
1596505	r4	H	read
1598244	r4	C	read
1599392	r4	C	read
1601062	r3	C	write
1602750	r4	C	write
1604899	r2	C	read
1607096	r3	C	write
1608844	r1	C	read
1610386	r1	C	write
1611823	r1	C	read
1613969	r4	H	read
1615448	r4	B	read
1618063	r1	B	read
1620922	r1	B	read
1622760	r3	F	read
1623665	r0	F	read
1625126	r0	F	read
1627068	r3	F	write
1628790	r3	E	read
1630795	r3	E	read
1632500	r3	B	write
1634204	r3	B	read
1636623	r3	B	read
1637974	r2	B	read
1638668	r2	G	read
1640064	r3	G	write
1641424	r0	G	read
1643754	r0	G	read
1644804	r1	I	read
1646151	r3	I	write
1647931	r0	I	read
1649197	r0	I	read
1649989	r0	I	write
1651065	r3	I	read
1653299	r3	I	write
1654278	r4	I	write
1657154	r4	I	write
1658961	r1	I	read
1659960	r1	C	read
1661953	r1	F	read
1662886	r4	F	read
1664731	r4	F	read
1666249	r2	F	write
1668002	r2	F	read
1669795	r3	F	read
1671203	r3	C	read
1672795	r0	A	read
1674248	r0	H	read
1676017	r3	H	read
1678212	r0	H	read
1680433	r0	H	write
1681903	r0	H	read
1683407	r0	H	read
1685649	r0	H	write
1686387	r1	H	read
1688623	r1	H	write
1690157	r2	H	read
1692374	r0	H	write
1694943	r0	H	read
1696313	r0	H	read
1698421	r0	H	write
1699393	r3	J	read
1701548	r3	J	read
1703487	r0	J	write
1705000	r0	J	read
1707237	r0	B	read
1708060	r0	B	read
1709673	r0	B	write
1711066	r0	B	read
1714365	r2	B	read
1716241	r3	B	read
1718701	r3	B	read
1719715	r3	B	read
1721188	r3	B	read
1723039	r3	A	read
1724733	r3	G	read
1725951	r3	G	read
1728011	r3	G	read
1730363	r3	G	read
1731636	r3	G	read
1733430	r1	G	read
1735057	r1	G	read
1735399	r2	G	write
1737839	r2	D	write
1739980	r2	D	write
1740635	r0	D	write
1743054	r0	F	read
1746332	r0	A	read
1748629	r1	I	read
1750671	r2	I	read
1752675	r2	I	write
1754356	r4	E	write
1756335	r1	E	read
1758088	r1	B	read
1759419	r1	B	read
1760636	r4	J	read
1762984	r4	J	read
1765417	r4	J	write
1766856	r0	J	read
1768779	r0	D	write
1769736	r3	D	write
1771767	r1	C	read
1773584	r0	C	read
1776026	r0	I	read
1776747	r0	I	write
1779174	r0	I	read
1780493	r2	I	write
1782157	r4	I	read
1784229	r3	D	read
1786662	r1	H	read
1788157	r1	H	read
1790554	r1	H	read
1792648	r1	H	read
1794105	r1	H	read
1794849	r1	H	write
1796608	r1	H	read
1798397	r1	H	read
1799325	r3	H	read
1800169	r3	H	read
1802457	r2	H	read
1804380	r3	H	read
1806465	r3	E	read
1809029	r3	E	write
1810998	r0	E	read
1812838	r0	E	read
1813614	r1	E	read
1814857	r3	B	read
1816336	r2	B	read
1818987	r2	I	read
1821334	r2	I	read
1821787	r4	I	write
1823201	r0	I	write
1824745	r0	I	read
1827348	r0	E	read
1829731	r1	E	write
1830727	r1	G	read
1832993	r1	G	read
1835049	r1	G	read
1837394	r0	E	read
1838633	r4	E	read
1841093	r3	E	write
1842578	r2	D	read
1844429	r2	H	write
1846632	r4	H	read
1849234	r2	H	write
1850926	r2	H	read
1852932	r2	H	read
1855239	r3	H	write
1856792	r2	B	write
1858288	r2	B	write
1860168	r2	J	write
1862832	r2	J	write
1865154	r2	J	read
1866639	r2	F	read
1869034	r1	F	read
1870260	r1	F	read
1871946	r3	F	read
1873536	r1	F	write
1876045	r1	E	write
1878212	r1	E	read
1879641	r4	E	read
1881078	r4	E	write
1883060	r3	E	read
1885582	r1	E	read
1887123	r3	H	read
1889298	r1	H	read
1891053	r3	D	read
1892677	r1	D	read
1894103	r3	D	read
1895715	r3	D	write
1898203	r4	D	read
1900341	r1	D	read
1901888	r1	D	read
1904315	r2	D	read
1905993	r4	J	read
1907394	r4	J	write
1909441	r4	J	read
1911317	r4	J	write
1912812	r1	J	read
1915329	r1	J	write
1916758	r0	C	read
1918536	r2	C	read
1920662	r1	C	read
1922175	r1	H	write
1923976	r1	H	read
1927126	r3	H	read
1928430	r3	H	read
1929812	r3	H	read
1931473	r2	H	read
1933652	r3	H	read
1935289	r2	C	read
1938138	r4	C	read
1939548	r4	C	write
1942052	r4	C	read
1944284	r4	C	write
1946519	r0	C	write
1948842	r4	C	read
1949685	r4	C	write
1952096	r0	C	read
1954820	r0	C	read
1956871	r1	J	write
1957936	r1	J	write
1959864	r2	J	read
1961645	r2	J	read
1962769	r3	J	write
1964661	r3	B	read
1966612	r3	B	read
1967231	r3	A	write
1968808	r3	A	write
1970362	r2	A	read
1972900	r2	A	read
1974901	r0	J	read
1976574	r0	J	read
1978383	r4	J	read
1979931	r4	J	write
1981020	r4	H	read
1982319	r0	B	read
1983793	r4	B	read
1984757	r3	B	read
1986843	r2	B	write
1988908	r4	E	read
1991399	r4	F	write
1992192	r4	G	read
1994060	r4	G	write
1996186	r0	G	write
1997529	r0	D	read
1999837	r1	D	read
2001849	r1	D	read
2003825	r2	D	read
2006173	r4	A	write
2007890	r4	J	read
2010123	r0	J	read
2012260	r4	J	read
2014519	r4	H	write
2016246	r4	H	read
2018226	r4	H	read
2019312	r3	C	read
2020921	r0	H	write
2022522	r0	F	read
2025079	r0	G	read
2027274	r0	G	read
2029198	r0	G	read
2030959	r0	F	write
2032496	r3	F	read
2035053	r3	F	read
2035859	r3	F	write
2037810	r3	F	read
2039763	r3	F	read
2041590	r3	D	read
2042942	r3	D	write
2045347	r1	D	read
2046885	r1	D	read
2049190	r1	D	read
2050474	r3	D	read
2052698	r3	D	read
2053945	r3	D	read
2055979	r4	D	read
2057768	r1	I	read
2059343	r1	I	read
2061324	r2	I	read
2062609	r0	I	write
2064095	r0	I	write
2065730	r0	I	read
2066872	r0	B	write
2068381	r0	B	write
2070498	r0	B	read
2072434	r0	C	read
2074500	r0	C	read
2075794	r1	I	read
2078043	r1	H	read
2080738	r1	H	read
2082047	r4	H	read
2084414	r2	H	read
2086810	r4	B	write
2087509	r4	B	write
2089356	r0	B	read
2091690	r0	B	read
2093913	r0	B	write
2095571	r0	B	write
2098695	r0	B	write
2100671	r0	F	read
2102940	r4	F	read
2104614	r4	F	read
2107217	r3	F	read
2109528	r3	F	read
2111964	r3	F	write
2113054	r3	F	write
2114660	r3	F	write
2115883	r0	F	read
2117753	r0	F	read
2119285	r3	F	write
2121166	r3	F	read
2121977	r2	F	write
2123944	r4	F	write
2126246	r4	F	read
2127265	r2	D	read
2128268	r1	D	read
2129960	r1	D	read
2131223	r4	D	read
2132752	r4	D	read
2134561	r4	D	read
2136261	r4	D	write
2138447	r0	D	write
2139934	r0	A	read
2140987	r4	A	write
2143463	r1	A	read
2145121	r1	A	read
2146573	r1	A	read
2148180	r1	C	read
2150700	r1	C	read
2153246	r1	C	read
2154628	r1	C	read
2157426	r1	C	read
2159446	r2	C	read
2161543	r2	E	write
2162748	r2	A	write
2164603	r0	A	read
2166929	r0	A	read
2168298	r4	A	write
2170862	r4	A	write
2172787	r0	A	read
2173363	r4	A	write
2175526	r4	A	write
2177005	r2	A	read
2178656	r4	A	read
2181035	r3	I	read
2184027	r3	E	read
2185979	r2	E	read
2187365	r2	E	read
2188403	r2	E	read
2190602	r1	E	read
2192286	r1	E	read
2193812	r1	E	read
2196380	r1	A	read
2198975	r0	A	read
2200422	r1	A	read
2201659	r0	A	read
2203766	r0	A	read
2205265	r0	A	read
2207401	r0	F	read
2209980	r1	F	write
2212683	r1	F	write
2213506	r1	F	read
2215220	r0	J	write
2217270	r0	J	read
2218434	r2	J	read
2219590	r0	G	write
2220391	r3	G	read
2222371	r2	G	write
2224657	r2	E	read
2225775	r2	E	write
2226766	r2	E	read
2228627	r2	E	read
2230865	r1	D	read
2232488	r1	D	read
2234699	r2	D	write
2235872	r2	D	write
2237975	r3	D	read
2238835	r2	E	write
2240518	r0	E	read
2242649	r4	E	read
2244949	r0	D	read
2246960	r4	B	write
2248001	r4	B	read
2249727	r0	B	write
2252429	r1	B	write
2253919	r2	B	read
2255693	r2	I	read
2257260	r2	H	read
2258843	r2	H	read
2260636	r4	H	read
2262604	r4	H	write
2263902	r0	I	write
2266085	r1	I	read
2268111	r1	F	write
2269579	r1	F	read
2270854	r1	F	read
2272537	r1	F	read
2274953	r1	F	write
2277432	r2	D	write
2278652	r4	A	read
2279598	r0	A	read
2281282	r0	A	write
2283220	r0	A	read
2285135	r2	A	read
2287856	r2	A	read
2289556	r2	A	read
2291531	r2	A	read
2292539	r2	A	read
2294998	r0	A	read
2297264	r0	A	read
2298554	r0	A	read
2300293	r0	A	write
2302257	r3	A	read
2304267	r3	A	write
2305207	r3	G	read
2307929	r1	G	read
2308826	r3	J	write
2310706	r3	J	read
2311904	r3	J	write
2314546	r3	J	read
2316391	r3	J	write
2317585	r3	J	read
2319440	r3	J	write
2321750	r3	J	read
2323779	r2	F	read
2324809	r3	E	write
2327483	r0	E	read
2330106	r0	E	write
2331499	r4	D	read
2332976	r4	B	read
2334916	r1	B	read
2336964	r1	A	read
2338538	r1	A	read
2340816	r1	A	read
2342623	r0	A	read
2343918	r0	I	read
2346465	r0	I	read
2348090	r3	J	read
2350779	r3	J	read
2352496	r1	J	read
2354312	r1	J	write
2356109	r1	J	read
2357753	r1	J	read
2359542	r0	J	read
2360702	r0	J	read
2362793	r0	J	read
2365058	r0	G	read
2366808	r2	G	read
2367678	r2	G	write
2370042	r0	G	read
2371617	r0	G	read
2372995	r0	E	write
2374454	r2	E	read
2376377	r3	E	write
2378235	r4	E	read
2380629	r3	E	write
2381886	r3	E	write
2383434	r0	C	read
2385319	r3	C	write
2387736	r2	C	write
2388760	r4	C	write
2389610	r4	C	read
2391470	r1	C	read
2392209	r0	C	read
2393897	r1	D	read
2394286	r2	D	read
2395762	r0	D	read
2397232	r0	D	write
2398396	r0	A	read
2399602	r0	C	write
2400996	r3	C	read
2402950	r4	G	read
2405252	r4	G	read
2407085	r4	G	read
2408969	r3	F	read
2410991	r3	F	read
2412830	r1	F	write
2415543	r1	F	write
2417607	r1	G	read
2419758	r3	G	write
2421260	r3	G	read
2423218	r3	G	read
2424689	r3	G	read
2427076	r3	B	read
2428938	r2	B	read
2431103	r0	B	read
2433016	r2	G	write
2434872	r0	B	write
2436581	r1	B	write
2437923	r3	B	write
2440643	r4	B	write
2443214	r4	B	write
2445276	r4	E	read
2447190	r4	A	read
2449226	r4	I	write
2451614	r4	I	read
2453917	r2	I	read
2455999	r2	I	read
2457245	r2	D	write
2459606	r0	I	read
2461036	r0	I	read
2463843	r1	I	read
2465148	r1	I	read
2466659	r1	I	read
2468533	r4	I	read
2471066	r4	A	read
2472970	r4	A	write
2475092	r4	A	write
2476904	r1	A	write
2477863	r1	A	read
2479058	r2	H	read
2480965	r2	H	write
2481884	r4	H	read
2483901	r4	H	read
2486550	r3	H	read
2489235	r3	H	write
2490592	r4	H	read
2492285	r4	H	read
2493283	r1	H	read
2494438	r3	H	write
2496438	r2	H	read
2498370	r4	C	read
2500329	r3	C	read
2502203	r2	C	read
2504988	r0	C	write
2506502	r0	C	read
2507524	r1	E	write
2509311	r1	E	read
2510367	r1	E	write
2511781	r3	E	read
2513586	r3	E	read
2516484	r3	E	read
2518565	r4	E	write
2520067	r4	E	read
2522071	r3	E	read
2523864	r3	E	read
2525372	r3	E	read
2526371	r0	E	read
2528166	r3	J	read
2529376	r3	A	read
2531002	r4	A	read
2533411	r0	A	read
2534890	r0	A	write
2535769	r0	B	write
2537695	r1	B	write
2538324	r3	I	write
2540274	r1	C	read
2541802	r0	C	write
2543859	r2	C	read
2545903	r4	C	read
2548030	r4	C	read
2549977	r4	C	read
2552447	r4	C	write
2554070	r4	C	write
2555455	r4	C	read
2558165	r4	G	write
2560042	r4	G	write
2562546	r1	B	read
2565473	r1	B	read
2567546	r1	B	read
2570078	r4	B	read
2571774	r4	B	read
2573260	r4	B	read
2574306	r3	C	read
2576324	r2	C	write
2578392	r3	C	write
2580202	r1	C	read
2582320	r4	C	read
2583553	r4	C	write
2585571	r1	C	write
2587977	r3	F	read
2589451	r3	B	read
2591438	r2	B	read
2593512	r2	B	read
2594580	r2	J	read
2596428	r1	I	write
2597636	r1	I	write
2599400	r0	I	read
2600846	r2	I	read
2601937	r2	I	read
2603833	r2	I	write
2604903	r1	I	read
2606270	r1	I	read
2609339	r1	F	write
2610980	r1	F	read
2613015	r1	A	write
2614077	r2	A	read
2615760	r4	A	write
2617630	r3	J	read
2619594	r3	J	read
2621260	r3	J	read
2623540	r0	J	read
2624021	r3	F	write
2625069	r3	F	read
2626423	r3	F	write
2628434	r3	D	read
2630691	r3	D	read
2632824	r3	H	write
2634142	r3	H	read
2636464	r3	H	read
2638163	r3	H	read
2640083	r3	D	write
2643250	r3	D	read
2644415	r0	D	read
2646592	r4	D	read
2647916	r4	F	read
2649517	r4	F	read
2650992	r4	J	write
2652828	r4	J	read
2654268	r2	J	read
2655696	r2	J	read
2656526	r2	J	read
2657913	r2	B	read
2659200	r3	B	write
2661365	r3	B	read
2663491	r2	B	write
2665084	r2	B	read
2667325	r2	B	read
2669877	r2	B	read
2672643	r3	B	write
2674085	r4	B	read
2675628	r4	B	read
2677885	r2	B	write
2679630	r4	F	read
2682177	r4	F	read
2683903	r4	F	read
2685291	r3	F	read
2687018	r3	F	write
2688675	r0	F	read
2689926	r1	F	write
2692548	r1	F	read
2694395	r1	F	write
2697334	r0	F	read
2699919	r0	F	read
2702090	r0	F	read
2703970	r0	F	read
2705947	r3	F	read
2706738	r1	F	read
2709198	r3	F	read
2711094	r3	F	read
2713044	r3	I	read
2714952	r3	I	read
2716077	r3	G	write
2717796	r2	E	write
2719788	r3	E	read
2721775	r3	E	read
2722482	r1	E	read
2724855	r1	E	read
2726444	r1	E	read
2727657	r4	B	read
2730095	r1	G	read
2730778	r1	G	read
2732917	r1	G	read
2734912	r1	G	read
2736191	r1	G	read
2738530	r1	F	read
2740505	r3	F	read
2742479	r3	A	read
2744768	r4	H	read
2746470	r4	H	write
2748700	r4	J	read
2750014	r4	J	read
2750988	r0	J	read
2752229	r2	J	read
2753815	r3	J	read
2754244	r3	J	read
2754946	r3	J	write
2757281	r3	J	read
2759808	r0	J	read
2762004	r0	J	read
2762975	r0	J	write
2764729	r0	J	write
2766508	r0	G	write
2767497	r0	G	read
2768263	r0	G	read
2769236	r4	G	write
2770593	r3	E	write
2772626	r1	B	write
2774100	r1	B	write
2775749	r2	B	read
2777112	r2	J	read
2779469	r1	E	read
2781690	r3	D	read
2783905	r4	E	write
2785956	r4	E	read
2788162	r0	E	write
2790207	r2	E	read
2791830	r2	E	write
2793235	r2	E	write
2795810	r0	B	read
2797651	r0	B	write
2799077	r2	B	read
2801229	r2	B	write
2803530	r2	H	write
2805147	r4	H	read
2806370	r0	H	write
2807535	r1	H	read
2809651	r2	H	read
2811181	r1	H	read
2812638	r0	G	read
2813335	r1	G	read
2815330	r0	G	write
2816718	r0	G	read
2819252	r2	G	read
2821039	r2	G	read
2822579	r2	E	read
2824140	r2	B	read
2824410	r2	B	write
2827283	r2	B	read
2828913	r2	B	read
2830070	r0	B	write
2831408	r0	B	write
2834144	r4	B	write
2834949	r0	C	write
2837405	r0	C	read
2838581	r0	C	read
2840743	r1	C	write
2842649	r1	C	read
2844730	r2	C	read
2845962	r3	C	write
2847171	r4	C	read
2849354	r3	C	write
2851311	r2	C	read
2852233	r2	C	write
2854107	r2	C	read
2856305	r2	C	write
2858374	r4	F	write
2860353	r0	D	read
2862332	r0	D	read
2864215	r0	D	read
2865939	r0	D	read
2867811	r1	D	read
2870869	r3	D	write
2872398	r3	D	read
2874436	r0	D	read
2876628	r4	C	read
2878574	r1	G	read
2880131	r1	G	write
2882168	r0	G	read
2884170	r4	G	write
2885716	r4	G	read
2887320	r4	G	read
2890025	r4	G	write
2892517	r0	G	read
2894066	r0	G	read
2895492	r3	G	read
2898690	r1	G	read
2901383	r1	G	read
2903423	r1	G	read
2904516	r1	G	read
2905723	r1	G	read
2907840	r4	F	write
2909797	r4	F	write
2911511	r3	F	write
2913356	r0	F	write
2916115	r4	F	write
2917810	r4	D	read
2919438	r2	D	read
2921585	r2	E	read
2924154	r2	B	write
2926790	r4	B	write
2928761	r4	B	read
2930425	r3	B	write
2931704	r0	B	read
2933847	r0	B	read
2936422	r0	B	read
2938464	r1	G	write
2939566	r2	G	read
2940660	r2	G	read
2941966	r2	G	read
2943805	r2	D	read
2945453	r4	D	write
2947185	r4	I	read
2948763	r4	I	write
2950489	r4	G	write
2952573	r4	G	read
2954974	r4	G	read
2956634	r4	G	write
2957456	r4	F	read
2959709	r2	F	write
2962155	r2	F	read
2964763	r1	F	read
2966471	r0	F	read
2968748	r4	F	read
2971020	r3	F	write
2973286	r1	F	write
2974542	r4	F	read
2976894	r4	I	read
2978949	r1	D	read
2980410	r2	D	write
2981998	r2	D	write
2983845	r1	D	write
2984850	r0	F	read
2986718	r3	F	write
2988167	r4	F	write
2990382	r4	A	read
2991940	r4	A	read
2994511	r3	A	write
2996553	r3	A	read
2998760	r3	A	read
3001453	r2	A	read
3003308	r2	A	write
3004989	r4	J	read
3007056	r1	J	read
3007571	r0	J	read
3009794	r2	J	write
3012254	r4	I	read
3013935	r4	I	read
3015331	r4	I	read
3017385	r1	F	read
3018457	r1	G	write
3020926	r1	G	read
3022308	r1	G	write
3023535	r2	G	read
3025202	r2	G	read
3027520	r4	G	read
3029661	r1	C	write
3030739	r1	C	read
3032597	r0	C	write
3035494	r0	C	write
3037674	r3	C	write
3039456	r2	C	read
3041765	r4	C	read
3043215	r4	C	read
3043835	r1	C	read
3045227	r3	C	read
3046403	r1	C	read
3048770	r1	F	read
3050738	r1	J	read
3051654	r1	E	read
3053780	r2	E	write
3055839	r2	A	write
3058331	r2	A	write
3060491	r0	G	read
3063661	r0	G	read
3065735	r3	G	read
3067643	r4	B	read
3069463	r4	B	read
3070004	r4	H	read
3071950	r4	B	write
3074065	r4	B	read
3075594	r4	B	write
3076640	r4	B	read
3078831	r4	B	read
3080697	r4	I	read
3082613	r4	B	read
3084535	r2	B	write
3085869	r1	D	read
3087976	r1	D	read
3088724	r2	D	write
3090652	r2	D	read
3092296	r4	D	write
3093864	r1	D	read
3095789	r1	D	write
3097944	r1	D	write
3099523	r3	A	write
3101254	r3	A	read
3102649	r3	A	read
3105226	r1	A	read
3105936	r0	D	write
3107448	r4	D	write
3109370	r4	D	read
3111224	r1	D	write
3112781	r0	D	read
3115134	r0	D	read
3116280	r3	D	read
3118526	r1	A	read
3120259	r1	A	read
3123265	r0	I	read
3125708	r1	I	read
3128053	r1	E	write
3129180	r1	E	write
3130092	r2	C	write
3131816	r4	C	read
3133875	r2	C	read
3135471	r1	F	read
3137656	r3	F	read
3139589	r3	F	read
3140843	r3	F	read
3142664	r0	A	read
3144568	r0	H	write
3147072	r4	H	read
3148186	r2	H	read
3149512	r2	C	read
3151733	r0	C	read
3154547	r2	H	write
3155223	r2	A	write
3156269	r2	A	read
3158212	r1	A	read
3160262	r1	F	read
3162537	r1	F	write
3164377	r1	H	write
3167585	r1	E	read
3169569	r1	E	write
3171809	r1	E	read
3174804	r1	E	read
3176529	r1	E	write
3179097	r3	E	read
3180381	r3	J	read
3182410	r3	I	read
3183986	r3	A	read
3185412	r1	A	read
3187601	r4	A	write
3189402	r0	J	read
3191021	r0	J	write
3192713	r0	J	read
3194482	r0	J	read
3196715	r0	B	read
3198446	r0	B	read
3200451	r0	E	read
3202992	r0	E	read
3204470	r3	E	read
3206296	r2	F	read
3207388	r2	F	read
3210116	r2	A	write
3211950	r2	D	read
3213661	r2	D	read
3215619	r3	D	read
3216968	r3	D	read
3217873	r3	A	read
3219840	r3	A	read
3221799	r0	A	write
3224019	r0	A	write
3224930	r0	A	read
3227042	r3	A	read
3228160	r3	A	read
3229707	r1	A	read
3231063	r1	D	read
3233420	r4	D	read
3234777	r3	D	write
3236102	r3	G	read
3237892	r3	G	write
3239538	r3	G	read
3242192	r3	G	read
3244786	r1	G	read
3246196	r1	I	read
3248195	r1	I	write
3250133	r1	J	read
3252603	r3	H	read
3253865	r3	H	write
3255322	r3	H	read
3257837	r3	B	read
3260000	r2	B	read
3260942	r2	B	read
3262202	r0	B	write
3264353	r0	B	read
3265682	r0	A	read
3267560	r1	A	read
3269633	r1	J	write
3271683	r1	H	write
3274080	r1	H	read
3276183	r3	E	write
3277972	r1	E	read
3279897	r1	E	read
3281967	r4	E	write
3283507	r3	E	read
3285147	r3	A	read
3286810	r3	A	read
3289411	r0	A	write
3290105	r0	A	write
3291746	r0	A	read
3293491	r2	A	write
3295064	r0	A	read
3297112	r0	A	read
3299000	r0	C	read
3300794	r2	C	read
3302409	r0	F	read
3304883	r0	F	read
3306402	r3	F	read
3307014	r3	J	write
3308514	r4	G	read
3310026	r4	J	write
3311494	r1	C	read
3312838	r2	C	read
3314966	r0	E	read
3316382	r0	E	read
3317342	r0	E	read
3318458	r0	E	read
3319514	r1	E	write
3321677	r1	E	read
3322881	r2	E	write
3324388	r0	E	write
3326521	r0	E	read
3328519	r0	E	write
3330113	r0	B	read
3331747	r0	B	read
3333747	r4	G	read
3335249	r0	G	read
3337230	r3	B	read
3338834	r3	B	read
3340597	r1	B	write
3342219	r1	B	read
3344509	r2	B	write
3346568	r2	B	read
3347950	r2	B	read
3350549	r2	A	write
3352448	r2	A	write
3354186	r2	A	read
3356050	r2	A	read
3357734	r4	F	read
3359025	r4	F	read
3360665	r4	F	read
3362684	r3	F	read
3364118	r0	F	write
3365609	r0	F	read
3367772	r0	F	write
3370020	r0	F	read
3372270	r2	D	write
3373426	r2	D	read
3374892	r1	D	write
3376680	r2	D	write
3378214	r4	D	write
3379697	r4	J	write
3381908	r4	J	read
3383674	r4	J	write
3384995	r4	B	write
3387835	r3	B	read
3389031	r3	B	read
3389782	r1	B	read
3390934	r1	B	read
3392535	r0	B	write
3394737	r3	B	read
3396876	r1	B	write
3398921	r1	B	write
3401395	r0	B	write
3402848	r4	B	read
3404665	r0	B	read
3406408	r0	B	read
3408826	r0	B	read
3411135	r0	B	read
3412808	r0	B	read
3414773	r0	B	write
3416453	r0	B	write
3417824	r0	B	write
3420332	r1	B	write
3422293	r0	B	write
3424023	r0	B	write
3426156	r1	B	read
3428188	r1	B	read
3430467	r1	D	read
3432112	r1	D	read
3434481	r0	D	write
3435967	r0	F	read
3439081	r3	F	write
3439960	r3	C	read
3441854	r3	H	read
3443443	r3	H	read
3445707	r3	H	read
3446943	r0	H	write
3449101	r0	H	read
3450740	r3	H	write
3451631	r3	H	read
3453526	r3	I	write
3455609	r2	I	read
3458615	r1	I	read
3460567	r4	C	read
3462525	r2	A	read
3463594	r2	A	read
3465731	r3	A	read
3466920	r3	A	read
3469125	r2	A	read
3470985	r4	A	read
3473313	r1	A	read
3474766	r0	A	read
3476621	r0	A	write
3478909	r1	A	read
3480709	r1	A	read
3482791	r1	D	read
3484854	r1	H	write
3487019	r1	H	read
3488468	r1	H	read
3490991	r3	H	write
3493237	r1	H	read
3495760	r4	H	write
3497065	r4	J	read
3498714	r4	J	read
3500906	r4	J	read
3503189	r4	J	write
3504802	r2	J	read
3505618	r0	J	read
3507718	r0	E	read
3510246	r0	G	write
3511899	r0	G	read
3514637	r3	G	read
3516914	r0	G	read
3519392	r0	G	read
3521033	r0	G	read
3523748	r0	I	read
3526080	r0	E	read
3528777	r0	E	read
3530113	r0	E	read
3531729	r0	E	write
3534442	r0	E	read
3535916	r0	E	read
3537648	r0	E	write
3539542	r0	E	write
3541104	r2	E	read
3543120	r1	J	read
3545321	r3	F	write
3547206	r3	F	write
3548605	r3	F	write
3549966	r0	F	read
3551676	r2	F	read
3552443	r0	F	write
3554485	r4	F	read
3556948	r4	F	write
3557537	r4	F	read
3559212	r4	F	read
3560626	r2	H	write
3562569	r1	H	read
3563649	r1	A	write
3565120	r3	A	write
3567006	r2	I	read
3568457	r4	A	write
3570380	r0	A	read
3572433	r0	F	read
3573806	r0	F	read
3576202	r0	F	read
3577862	r0	H	read
3579210	r0	G	read
3580883	r3	B	read
3582709	r3	B	read
3584291	r1	B	read
3585403	r4	B	read
3587244	r4	B	read
3589142	r4	E	read
3590754	r4	E	write
3592164	r4	E	write
3593863	r4	E	write
3595734	r3	E	read
3596885	r3	E	write
3599810	r0	I	read
3601938	r1	I	write
3603919	r1	I	read
3605412	r1	I	write
3606480	r0	I	read
3608439	r0	I	read
3609156	r2	I	read
3611080	r2	I	write
3613570	r2	I	read
3615583	r2	I	read
3617635	r1	I	read
3619952	r3	I	read
3621613	r2	H	write
3623860	r2	H	read
3625694	r2	H	read
3627454	r2	H	read
3629978	r2	H	read
3632096	r2	H	read
3632492	r2	H	read
3634609	r1	E	read
3635646	r1	D	read
3637715	r2	C	read
3638934	r2	H	read
3640931	r2	H	read
3642845	r2	I	write
3644577	r1	J	read
3645757	r1	J	read
3648321	r4	F	write
3649746	r4	B	read
3651344	r3	B	read
3653725	r3	B	write
3655396	r3	B	read
3657949	r1	D	read
3660191	r2	C	write
3661923	r2	C	read
3662818	r1	C	read
3665375	r1	H	read
3667170	r1	H	read
3669101	r4	H	read
3670594	r2	D	read
3673097	r4	D	read
3675007	r2	D	read
3677955	r2	D	read
3680234	r2	D	write
3682780	r2	D	read
3685418	r2	D	read
3687873	r2	D	read
3689930	r1	D	read
3691233	r4	D	read
3693552	r4	G	write
3695267	r4	G	read
3697067	r1	G	write
3699531	r1	G	write
3701590	r4	G	read
3703807	r4	E	read
3704372	r4	E	read
3705236	r4	E	read
3705760	r0	E	write
3707868	r0	D	read
3709612	r0	D	read
3711157	r0	E	write
3713014	r0	E	read
3714330	r1	I	write
3716367	r1	I	write
3718368	r3	J	read
3720181	r3	J	write
3722378	r3	J	read
3724091	r3	I	read
3726242	r3	I	read
3728010	r1	I	read
3729021	r0	I	read
3730772	r0	I	read
3733388	r2	H	read
3734465	r3	J	read
3736992	r3	J	read
3738634	r3	J	read
3741308	r3	J	write
3743236	r2	J	read
3744425	r3	J	write
3747171	r2	C	write
3747995	r2	H	read
3750474	r0	H	read
3752449	r0	C	read
3753749	r0	C	read
3755269	r1	B	read
3757198	r1	B	read
3759575	r1	I	read
3761359	r1	I	read
3763163	r1	I	read
3765223	r1	I	read
3766736	r1	I	read
3769105	r0	I	read
3770812	r0	I	read
3772977	r3	I	read
3775587	r1	I	read
3777555	r1	I	read
3779601	r4	I	read
3781615	r4	I	write
3782550	r1	I	write
3783837	r1	I	read
3785804	r1	I	write
3787614	r3	D	read
3789313	r3	D	read
3791245	r0	D	read
3793635	r0	D	read
3795013	r0	G	read
3796154	r3	D	write
3798164	r3	D	read
3800140	r0	B	read
3801960	r3	A	write
3804427	r4	A	read
3806899	r4	F	read
3807814	r4	F	read
3809612	r1	F	read
3811301	r3	F	read
3813647	r2	F	write
3815502	r2	F	write
3816032	r2	F	write
3817279	r4	F	write
3819089	r1	F	write
3820014	r3	F	read
3821479	r2	I	read
3822391	r2	C	read
3823928	r2	C	read
3826230	r2	H	read
3828079	r2	H	read
3829986	r2	H	read
3831897	r4	D	read
3834117	r4	D	read
3835123	r4	D	read
3837214	r4	D	read
3839527	r3	F	read
3842336	r3	J	write
3843885	r1	H	read
3845988	r1	H	write
3846878	r1	F	read
3849077	r1	G	read
3851122	r0	G	write
3853221	r4	G	read
3854654	r0	G	write
3856836	r0	I	read
3858950	r0	I	read
3861261	r0	I	write
3864075	r2	I	read
3866096	r0	I	read
3868145	r0	I	read
3869926	r3	I	read
3870640	r2	I	read
3872650	r2	I	write
3874569	r4	A	read
3876708	r4	D	read
3878261	r4	D	read
3879676	r4	E	read
3880425	r3	E	read
3881653	r0	A	write
3883690	r0	A	read
3885874	r0	A	read
3887208	r2	A	write
3888563	r2	I	read
3889642	r2	I	read
3891213	r2	I	read
3893094	r3	H	read
3895454	r3	I	read
3896278	r4	A	write
3898809	r4	I	read
3900759	r4	I	read
3902097	r0	I	read
3904369	r4	I	write
3905457	r4	I	read
3908369	r4	J	read
3909370	r4	J	write
3910188	r1	H	write
3911142	r1	I	read
3912682	r4	J	read
3914694	r4	D	read
3916499	r1	G	read
3918223	r0	G	read
3921309	r0	J	read
3923718	r2	J	write
3925190	r0	J	read
3926140	r0	J	read
3928622	r0	J	read
3929296	r2	J	read
3931850	r0	J	read
3932397	r0	J	read
3934352	r0	J	read
3935363	r0	J	read
3937506	r4	J	read
3938082	r4	J	write
3939364	r4	J	write
3941902	r4	J	read
3944355	r3	I	write
3946261	r3	H	read
3948442	r1	H	read
3950178	r4	H	read
3951592	r4	H	read
3953667	r4	H	read
3955579	r4	H	read
3957170	r1	G	read
3959344	r1	G	read
3960121	r1	G	read
3961948	r1	A	read
3963112	r1	H	read
3963992	r4	H	write
3966489	r4	J	read
3968913	r1	J	write
3970876	r3	A	read
3973374	r3	A	read
3975265	r3	A	read
3978154	r3	A	write
3979036	r3	A	write
3980630	r4	A	read
3982865	r3	A	read
3984226	r3	A	write
3986093	r3	A	read
3987741	r3	A	write
3989464	r2	A	read
3990671	r3	H	read
3993312	r3	H	read
3994764	r1	H	read
3995389	r1	H	write
3997582	r1	F	write
3999884	r4	F	read
4001581	r4	F	read
4002555	r2	F	read
4005403	r2	F	read
4007860	r1	D	write
4010096	r2	J	read
4011480	r2	J	read
4012139	r1	I	read
4013041	r2	J	read
4015651	r3	B	read
4016462	r3	B	read
4018884	r0	B	read
4020178	r3	B	write
4022133	r3	F	write
4023518	r3	F	write
4026405	r3	F	read
4027756	r3	F	read
4029692	r3	F	write
4031190	r3	F	write
4033494	r3	F	read
4035654	r3	F	read
4037215	r4	F	read
4039519	r0	G	read
4040769	r0	G	read
4044068	r4	G	read
4046386	r4	G	read
4047810	r3	I	write
4049565	r1	I	write
4050742	r4	I	write
4052851	r4	J	read
4054803	r4	C	write
4057325	r4	C	write
4057836	r0	H	write
4059047	r0	I	write
4061157	r0	I	read
4062763	r0	I	read
4065647	r0	I	read
4067570	r4	I	read
4070088	r4	G	write
4071378	r4	B	write
4073556	r4	B	read
4076531	r0	B	read
4079538	r0	G	read
4081768	r4	G	read
4084107	r4	G	write
4085225	r4	F	read
4088078	r1	B	read
4089577	r0	B	read
4090916	r4	H	read
4092021	r3	H	read
4093669	r0	H	read
4095810	r1	H	read
4096803	r3	H	write
4098346	r3	H	write
4099816	r3	H	read
4101874	r3	F	read
4103530	r3	F	read
4106248	r1	F	read
4108169	r1	F	read
4110469	r1	F	read
4112077	r1	F	write
4113974	r0	F	read
4116118	r0	F	write
4117301	r1	F	read
4119502	r1	F	read
4121434	r2	F	read
4123868	r2	F	read
4125544	r1	F	read
4128182	r1	F	read
4130387	r1	F	write
4132000	r1	A	write
4134747	r1	C	read
4136873	r1	C	read
4138947	r0	C	write
4140234	r2	C	read
4142387	r2	C	write
4144731	r2	F	write
4146861	r0	F	write
4149038	r0	J	write
4151463	r0	J	read
4153044	r2	J	read
4155748	r2	J	write
4157507	r3	J	read
4159719	r4	C	read
4161182	r4	C	read
4163012	r4	H	write
4165249	r2	J	read
4167039	r2	J	read
4168738	r2	J	write
4171081	r2	J	write
4172167	r2	I	write
4174620	r2	H	write
4176805	r0	H	read
4178887	r1	H	write
4179843	r3	H	read
4182272	r0	H	read
4183429	r1	H	read
4185325	r0	H	read
4186764	r4	H	read
4188381	r0	B	read
4190927	r3	B	write
4192667	r1	B	read
4194272	r1	B	read
4195952	r1	B	read
4198278	r4	A	read
4200001	r3	A	read
4201093	r2	A	read
4202569	r1	A	read
4203669	r1	A	write
4204724	r3	E	read
4208290	r3	E	write
4209021	r4	E	read
4211069	r1	E	read
4212799	r1	G	read
4214649	r2	D	read
4216109	r2	F	write
4218181	r2	J	read
4220165	r2	C	write
4221919	r2	D	read
4223188	r0	H	write
4224419	r0	H	read
4225716	r0	I	read
4227689	r0	I	read
4229082	r1	I	read
4230667	r3	H	read
4232367	r4	H	read
4234186	r4	H	write
4235929	r4	B	write
4238285	r0	B	read
4240351	r2	B	write
4241627	r2	B	read
4244093	r3	B	read
4245711	r4	B	write
4247908	r0	B	write
4249735	r2	B	read
4251076	r2	D	read
4252412	r2	B	write
4254945	r2	B	write
4257468	r2	B	read
4258817	r1	B	read
4261480	r3	A	read
4263641	r4	A	read
4265948	r4	A	read
4267023	r3	A	read
4268709	r4	D	read
4270351	r0	C	read
4272091	r0	C	write
4273842	r0	C	write
4275553	r3	G	read
4277151	r3	B	read
4278305	r3	G	read
4280289	r3	G	read
4282378	r1	F	read
4283657	r0	F	write
4285418	r3	F	write
4286728	r3	G	read
4287578	r2	G	read
4289572	r2	G	read
4291790	r2	G	read
4292841	r2	A	read
4294120	r0	D	read
4295141	r2	D	write
4297220	r2	G	read
4299272	r1	G	write
4301128	r3	G	write
4303795	r0	G	read
4304783	r0	A	read
4307307	r0	A	read
4309411	r0	B	write
4310493	r0	B	read
4311213	r0	B	read
4312667	r3	B	read
4313599	r3	B	write
4315348	r3	B	read
4317362	r3	B	read
4318826	r3	B	write
4320224	r2	B	read
